id,nome
1,"ABADIA DE GOIÁS"
2,"ABADIA DOS DOURADOS"
3,"ABADIÂNIA"
4,ABAETETUBA
5,"ABAETÉ"
6,ABAIARA
7,"ABARÉ"
8,"ABATIÁ"
9,"ABAÍRA"
10,"ABDON BATISTA"
11,"ABEL FIGUEIREDO"
12,"ABELARDO LUZ"
13,"ABRE CAMPO"
14,"ABREU E LIMA"
15,"ABREULÂNDIA"
16,ACAIACA
17,ACAJUTIBA
18,ACARAPE
19,"ACARAÚ"
20,ACARI
21,"ACARÁ"
22,"ACAUÃ"
23,"ACEGUÁ"
24,ACOPIARA
25,ACORIZAL
26,"ACRELÂNDIA"
27,"ACREÚNA"
28,ADAMANTINA
29,"ADELÂNDIA"
30,ADOLFO
31,"ADRIANÓPOLIS"
32,ADUSTINA
33,"AFOGADOS DA INGAZEIRA"
34,"AFONSO BEZERRA"
35,"AFONSO CLÁUDIO"
36,"AFONSO CUNHA"
37,"AFRÂNIO"
38,"AFUÁ"
39,AGRESTINA
40,"AGRICOLÂNDIA"
41,"AGROLÂNDIA"
42,"AGRONÔMICA"
43,AGUANIL
44,"AGUAÍ"
45,AGUDO
46,AGUDOS
47,"AGUDOS DO SUL"
48,AGUIAR
49,"AGUIARNÓPOLIS"
50,"AIMORÉS"
51,AIQUARA
52,AIUABA
53,AIURUOCA
54,AJURICABA
55,ALAGOA
56,"ALAGOA GRANDE"
57,"ALAGOA NOVA"
58,ALAGOINHA
59,"ALAGOINHA DO PIAUÍ"
60,ALAGOINHAS
61,ALAMBARI
62,ALBERTINA
63,ALCANTIL
64,"ALCINÓPOLIS"
65,"ALCOBAÇA"
66,"ALCÂNTARA"
67,"ALCÂNTARAS"
68,"ALDEIAS ALTAS"
69,ALECRIM
70,ALEGRE
71,ALEGRETE
72,"ALEGRETE DO PIAUÍ"
73,ALEGRIA
74,ALENQUER
75,ALEXANDRIA
76,"ALEXÂNIA"
77,ALFENAS
78,"ALFREDO CHAVES"
79,"ALFREDO MARCONDES"
80,"ALFREDO VASCONCELOS"
81,"ALFREDO WAGNER"
82,"ALGODÃO DE JANDAÍRA"
83,ALHANDRA
84,"ALIANÇA"
85,"ALIANÇA DO TOCANTINS"
86,ALMADINA
87,ALMAS
88,ALMEIRIM
89,ALMENARA
90,"ALMINO AFONSO"
91,"ALMIRANTE TAMANDARÉ"
92,"ALMIRANTE TAMANDARÉ DO SUL"
93,"ALOÂNDIA"
94,ALPERCATA
95,ALPESTRE
96,"ALPINÓPOLIS"
97,"ALTA FLORESTA"
98,"ALTA FLORESTA D'OESTE"
99,ALTAIR
100,ALTAMIRA
101,"ALTAMIRA DO MARANHÃO"
102,"ALTAMIRA DO PARANÁ"
103,ALTANEIRA
104,ALTEROSA
105,ALTINHO
106,"ALTINÓPOLIS"
107,"ALTO ALEGRE"
108,"ALTO ALEGRE DO MARANHÃO"
109,"ALTO ALEGRE DO PINDARÉ"
110,"ALTO ALEGRE DOS PARECIS"
111,"ALTO ARAGUAIA"
112,"ALTO BELA VISTA"
113,"ALTO BOA VISTA"
114,"ALTO CAPARAÓ"
115,"ALTO DO RODRIGUES"
116,"ALTO FELIZ"
117,"ALTO GARÇAS"
118,"ALTO HORIZONTE"
119,"ALTO JEQUITIBÁ"
120,"ALTO LONGÁ"
121,"ALTO PARAGUAI"
122,"ALTO PARANÁ"
123,"ALTO PARAÍSO"
124,"ALTO PARAÍSO DE GOIÁS"
125,"ALTO PARNAÍBA"
126,"ALTO PIQUIRI"
127,"ALTO RIO DOCE"
128,"ALTO RIO NOVO"
129,"ALTO SANTO"
130,"ALTO TAQUARI"
131,ALTOS
132,"ALTÔNIA"
133,"ALUMÍNIO"
134,ALVARENGA
135,"ALVARÃES"
136,"ALVINLÂNDIA"
137,"ALVINÓPOLIS"
138,ALVORADA
139,"ALVORADA D'OESTE"
140,"ALVORADA DE MINAS"
141,"ALVORADA DO GURGUÉIA"
142,"ALVORADA DO NORTE"
143,"ALVORADA DO SUL"
144,"ALÉM PARAÍBA"
145,AMAJARI
146,AMAMBAI
147,"AMAPORÃ"
148,"AMAPÁ"
149,"AMAPÁ DO MARANHÃO"
150,AMARAJI
151,"AMARAL FERRADOR"
152,AMARALINA
153,AMARANTE
154,"AMARANTE DO MARANHÃO"
155,AMARGOSA
156,"AMATURÁ"
157,AMERICANA
158,"AMERICANO DO BRASIL"
159,"AMETISTA DO SUL"
160,AMONTADA
161,"AMORINÓPOLIS"
162,AMPARO
163,"AMPARO DE SÃO FRANCISCO"
164,"AMPARO DO SERRA"
165,"AMPÉRE"
166,"AMÉLIA RODRIGUES"
167,"AMÉRICA DOURADA"
168,"AMÉRICO BRASILIENSE"
169,"AMÉRICO DE CAMPOS"
170,ANADIA
171,"ANAGÉ"
172,ANAHY
173,ANAJATUBA
174,"ANAJÁS"
175,"ANALÂNDIA"
176,"ANAMÃ"
177,ANANINDEUA
178,"ANANÁS"
179,ANAPU
180,ANAPURUS
181,"ANASTÁCIO"
182,"ANAURILÂNDIA"
183,ANCHIETA
184,"ANDARAÍ"
185,"ANDIRÁ"
186,ANDORINHA
187,ANDRADAS
188,ANDRADINA
189,"ANDRELÂNDIA"
190,"ANDRÉ DA ROCHA"
191,ANGATUBA
192,ANGELIM
193,ANGELINA
194,"ANGELÂNDIA"
195,ANGICAL
196,"ANGICAL DO PIAUÍ"
197,ANGICO
198,ANGICOS
199,"ANGRA DOS REIS"
200,ANGUERA
201,"ANGÉLICA"
202,ANHANGUERA
203,ANHEMBI
204,ANHUMAS
205,ANICUNS
206,"ANITA GARIBALDI"
207,"ANITÁPOLIS"
208,ANORI
209,"ANTA GORDA"
210,ANTAS
211,ANTONINA
212,"ANTONINA DO NORTE"
213,"ANTÔNIO ALMEIDA"
214,"ANTÔNIO CARDOSO"
215,"ANTÔNIO CARLOS"
216,"ANTÔNIO DIAS"
217,"ANTÔNIO GONÇALVES"
218,"ANTÔNIO JOÃO"
219,"ANTÔNIO MARTINS"
220,"ANTÔNIO OLINTO"
221,"ANTÔNIO PRADO"
222,"ANTÔNIO PRADO DE MINAS"
223,"ANÁPOLIS"
224,"ANÍSIO DE ABREU"
225,APARECIDA
226,"APARECIDA D'OESTE"
227,"APARECIDA DE GOIÂNIA"
228,"APARECIDA DO RIO DOCE"
229,"APARECIDA DO RIO NEGRO"
230,"APARECIDA DO TABOADO"
231,"APERIBÉ"
232,"APIACÁ"
233,"APIACÁS"
234,"APIAÍ"
235,"APICUM-AÇU"
236,"APIÚNA"
237,APODI
238,"APORÁ"
239,"APORÉ"
240,APUAREMA
241,APUCARANA
242,"APUIARÉS"
243,"APUÍ"
244,"AQUIDABÃ"
245,AQUIDAUANA
246,AQUIRAZ
247,"ARABUTÃ"
248,ARACAJU
249,ARACATI
250,ARACATU
251,ARACI
252,ARACITABA
253,ARACOIABA
254,ARACRUZ
255,"ARAGARÇAS"
256,"ARAGOIÂNIA"
257,ARAGOMINAS
258,ARAGUACEMA
259,ARAGUAIANA
260,ARAGUAINHA
261,"ARAGUANÃ"
262,ARAGUAPAZ
263,ARAGUARI
264,ARAGUATINS
265,"ARAGUAÇU"
266,"ARAGUAÍNA"
267,ARAIOSES
268,"ARAL MOREIRA"
269,ARAMARI
270,"ARAMBARÉ"
271,ARAME
272,ARAMINA
273,ARANDU
274,ARANTINA
275,"ARAPEÍ"
276,ARAPIRACA
277,ARAPOEMA
278,ARAPONGA
279,ARAPONGAS
280,"ARAPORÃ"
281,ARAPOTI
282,ARAPUTANGA
283,"ARAPUÁ"
284,"ARAPUÃ"
285,ARAQUARI
286,ARARA
287,"ARARANGUÁ"
288,ARARAQUARA
289,ARARAS
290,"ARARENDÁ"
291,ARARI
292,"ARARICÁ"
293,ARARIPE
294,ARARIPINA
295,ARARUAMA
296,ARARUNA
297,ARATACA
298,ARATIBA
299,ARATUBA
300,"ARATUÍPE"
301,"ARAUCÁRIA"
302,"ARAUÁ"
303,"ARAXÁ"
304,"ARAÇAGI"
305,"ARAÇARIGUAMA"
306,"ARAÇATUBA"
307,"ARAÇAÍ"
308,"ARAÇOIABA"
309,"ARAÇOIABA DA SERRA"
310,"ARAÇU"
311,"ARAÇUAÍ"
312,"ARAÇÁS"
313,"ARAÚJOS"
314,ARCEBURGO
315,"ARCO-ÍRIS"
316,ARCOS
317,ARCOVERDE
318,AREADO
319,AREAL
320,AREALVA
321,AREIA
322,"AREIA BRANCA"
323,"AREIA DE BARAÚNAS"
324,AREIAS
325,"AREIÓPOLIS"
326,"ARENÁPOLIS"
327,"ARENÓPOLIS"
328,ARGIRITA
329,ARICANDUVA
330,ARINOS
331,"ARIPUANÃ"
332,ARIQUEMES
333,ARIRANHA
334,"ARIRANHA DO IVAÍ"
335,"ARMAZÉM"
336,"ARMAÇÃO DOS BÚZIOS"
337,ARNEIROZ
338,AROAZES
339,AROEIRAS
340,"AROEIRAS DO ITAIM"
341,ARRAIAL
342,"ARRAIAL DO CABO"
343,ARRAIAS
344,"ARROIO DO MEIO"
345,"ARROIO DO PADRE"
346,"ARROIO DO SAL"
347,"ARROIO DO TIGRE"
348,"ARROIO DOS RATOS"
349,"ARROIO GRANDE"
350,"ARROIO TRINTA"
351,"ARTUR NOGUEIRA"
352,"ARUANÃ"
353,"ARUJÁ"
354,ARVOREDO
355,ARVOREZINHA
356,"ARÊS"
357,ASCURRA
358,"ASPÁSIA"
359,"ASSARÉ"
360,"ASSAÍ"
361,ASSIS
362,"ASSIS BRASIL"
363,"ASSIS CHATEAUBRIAND"
364,"ASSUNÇÃO"
365,"ASSUNÇÃO DO PIAUÍ"
366,"ASTOLFO DUTRA"
367,ASTORGA
368,ATALAIA
369,"ATALAIA DO NORTE"
370,ATALANTA
371,"ATALÉIA"
372,ATIBAIA
373,"ATÍLIO VIVACQUA"
374,"AUGUSTINÓPOLIS"
375,"AUGUSTO CORRÊA"
376,"AUGUSTO DE LIMA"
377,"AUGUSTO PESTANA"
378,"AUGUSTO SEVERO"
379,"AURELINO LEAL"
380,AURIFLAMA
381,"AURILÂNDIA"
382,AURORA
383,"AURORA DO PARÁ"
384,"AURORA DO TOCANTINS"
385,AUTAZES
386,AVANHANDAVA
387,"AVARÉ"
388,"AVAÍ"
389,AVEIRO
390,"AVELINO LOPES"
391,"AVELINÓPOLIS"
392,"AXIXÁ"
393,"AXIXÁ DO TOCANTINS"
394,"AÇAILÂNDIA"
395,"AÇU"
396,"AÇUCENA"
397,"BABAÇULÂNDIA"
398,BACABAL
399,BACABEIRA
400,BACURI
401,BACURITUBA
402,"BADY BASSITT"
403,BAEPENDI
404,BAGRE
405,"BAGÉ"
406,"BAIANÓPOLIS"
407,"BAIXA GRANDE"
408,"BAIXA GRANDE DO RIBEIRO"
409,BAIXIO
410,"BAIXO GUANDU"
411,"BAIÃO"
412,BALBINOS
413,BALDIM
414,BALIZA
415,"BALNEÁRIO ARROIO DO SILVA"
416,"BALNEÁRIO BARRA DO SUL"
417,"BALNEÁRIO CAMBORIÚ"
418,"BALNEÁRIO GAIVOTA"
419,"BALNEÁRIO PINHAL"
420,"BALNEÁRIO PIÇARRAS"
421,"BALNEÁRIO RINCÃO"
422,"BALSA NOVA"
423,BALSAS
424,"BAMBUÍ"
425,"BANABUIÚ"
426,BANANAL
427,BANANEIRAS
428,BANDEIRA
429,"BANDEIRA DO SUL"
430,BANDEIRANTE
431,BANDEIRANTES
432,"BANDEIRANTES DO TOCANTINS"
433,BANNACH
434,"BANZAÊ"
435,"BARAÚNA"
436,BARBACENA
437,BARBALHA
438,BARBOSA
439,"BARBOSA FERRAZ"
440,BARCARENA
441,BARCELOS
442,BARIRI
443,BARRA
444,"BARRA BONITA"
445,"BARRA D'ALCÂNTARA"
446,"BARRA DA ESTIVA"
447,"BARRA DE GUABIRABA"
448,"BARRA DE SANTA ROSA"
449,"BARRA DE SANTANA"
450,"BARRA DE SANTO ANTÔNIO"
451,"BARRA DE SÃO FRANCISCO"
452,"BARRA DE SÃO MIGUEL"
453,"BARRA DO BUGRES"
454,"BARRA DO CHAPÉU"
455,"BARRA DO CHOÇA"
456,"BARRA DO CORDA"
457,"BARRA DO GARÇAS"
458,"BARRA DO GUARITA"
459,"BARRA DO JACARÉ"
460,"BARRA DO MENDES"
461,"BARRA DO OURO"
462,"BARRA DO PIRAÍ"
463,"BARRA DO QUARAÍ"
464,"BARRA DO RIBEIRO"
465,"BARRA DO RIO AZUL"
466,"BARRA DO ROCHA"
467,"BARRA DO TURVO"
468,"BARRA DOS COQUEIROS"
469,"BARRA LONGA"
470,"BARRA MANSA"
471,"BARRA VELHA"
472,"BARRACÃO"
473,BARRAS
474,BARREIRA
475,BARREIRAS
476,"BARREIRAS DO PIAUÍ"
477,BARREIRINHA
478,BARREIRINHAS
479,BARREIROS
480,BARRETOS
481,BARRINHA
482,BARRO
483,"BARRO ALTO"
484,"BARRO DURO"
485,"BARRO PRETO"
486,BARROCAS
487,"BARROLÂNDIA"
488,BARROQUINHA
489,"BARROS CASSAL"
490,BARROSO
491,BARUERI
492,"BARÃO"
493,"BARÃO DE ANTONINA"
494,"BARÃO DE COCAIS"
495,"BARÃO DE COTEGIPE"
496,"BARÃO DE GRAJAÚ"
497,"BARÃO DE MELGAÇO"
498,"BARÃO DE MONTE ALTO"
499,"BARÃO DO TRIUNFO"
500,BASTOS
501,BATAGUASSU
502,BATALHA
503,BATATAIS
504,"BATAYPORÃ"
505,"BATURITÉ"
506,BAURU
507,"BAÍA DA TRAIÇÃO"
508,"BAÍA FORMOSA"
509,BEBEDOURO
510,BEBERIBE
511,"BELA CRUZ"
512,"BELA VISTA"
513,"BELA VISTA DA CAROBA"
514,"BELA VISTA DE GOIÁS"
515,"BELA VISTA DE MINAS"
516,"BELA VISTA DO MARANHÃO"
517,"BELA VISTA DO PARAÍSO"
518,"BELA VISTA DO PIAUÍ"
519,"BELA VISTA DO TOLDO"
520,"BELFORD ROXO"
521,"BELMIRO BRAGA"
522,BELMONTE
523,"BELO CAMPO"
524,"BELO HORIZONTE"
525,"BELO JARDIM"
526,"BELO MONTE"
527,"BELO ORIENTE"
528,"BELO VALE"
529,BELTERRA
530,"BELÁGUA"
531,"BELÉM"
532,"BELÉM DE MARIA"
533,"BELÉM DO BREJO DO CRUZ"
534,"BELÉM DO PIAUÍ"
535,"BELÉM DO SÃO FRANCISCO"
536,BENEDITINOS
537,"BENEDITO LEITE"
538,"BENEDITO NOVO"
539,BENEVIDES
540,"BENJAMIN CONSTANT"
541,"BENJAMIN CONSTANT DO SUL"
542,"BENTO DE ABREU"
543,"BENTO FERNANDES"
544,"BENTO GONÇALVES"
545,"BEQUIMÃO"
546,BERILO
547,BERIZAL
548,"BERNARDINO BATISTA"
549,"BERNARDINO DE CAMPOS"
550,"BERNARDO DO MEARIM"
551,"BERNARDO SAYÃO"
552,"BERTOLÍNIA"
553,"BERTÓPOLIS"
554,BERURI
555,BETIM
556,"BETÂNIA"
557,"BETÂNIA DO PIAUÍ"
558,BEZERROS
559,"BIAS FORTES"
560,BICAS
561,"BIGUAÇU"
562,BILAC
563,BIQUINHAS
564,BIRIGUI
565,"BIRITIBA MIRIM"
566,BIRITINGA
567,BITURUNA
568,BLUMENAU
569,"BOA ESPERANÇA"
570,"BOA ESPERANÇA DO IGUAÇU"
571,"BOA ESPERANÇA DO SUL"
572,"BOA HORA"
573,"BOA NOVA"
574,"BOA VENTURA"
575,"BOA VENTURA DE SÃO ROQUE"
576,"BOA VIAGEM"
577,"BOA VISTA"
578,"BOA VISTA DA APARECIDA"
579,"BOA VISTA DAS MISSÕES"
580,"BOA VISTA DO BURICÁ"
581,"BOA VISTA DO CADEADO"
582,"BOA VISTA DO GURUPI"
583,"BOA VISTA DO INCRA"
584,"BOA VISTA DO RAMOS"
585,"BOA VISTA DO SUL"
586,"BOA VISTA DO TUPIM"
587,"BOCA DA MATA"
588,"BOCA DO ACRE"
589,BOCAINA
590,"BOCAINA DE MINAS"
591,"BOCAINA DO SUL"
592,"BOCAIÚVA"
593,"BOCAIÚVA DO SUL"
594,"BODOCÓ"
595,BODOQUENA
596,"BODÓ"
597,BOFETE
598,BOITUVA
599,"BOM CONSELHO"
600,"BOM DESPACHO"
601,"BOM JARDIM"
602,"BOM JARDIM DA SERRA"
603,"BOM JARDIM DE GOIÁS"
604,"BOM JARDIM DE MINAS"
605,"BOM JESUS"
606,"BOM JESUS DA LAPA"
607,"BOM JESUS DA PENHA"
608,"BOM JESUS DA SERRA"
609,"BOM JESUS DAS SELVAS"
610,"BOM JESUS DE GOIÁS"
611,"BOM JESUS DO AMPARO"
612,"BOM JESUS DO ARAGUAIA"
613,"BOM JESUS DO GALHO"
614,"BOM JESUS DO ITABAPOANA"
615,"BOM JESUS DO NORTE"
616,"BOM JESUS DO OESTE"
617,"BOM JESUS DO SUL"
618,"BOM JESUS DO TOCANTINS"
619,"BOM JESUS DOS PERDÕES"
620,"BOM LUGAR"
621,"BOM PRINCÍPIO"
622,"BOM PRINCÍPIO DO PIAUÍ"
623,"BOM PROGRESSO"
624,"BOM REPOUSO"
625,"BOM RETIRO"
626,"BOM RETIRO DO SUL"
627,"BOM SUCESSO"
628,"BOM SUCESSO DE ITARARÉ"
629,"BOM SUCESSO DO SUL"
630,BONFIM
631,"BONFIM DO PIAUÍ"
632,"BONFINÓPOLIS"
633,"BONFINÓPOLIS DE MINAS"
634,BONINAL
635,BONITO
636,"BONITO DE MINAS"
637,"BONITO DE SANTA FÉ"
638,"BONÓPOLIS"
639,"BOQUEIRÃO"
640,"BOQUEIRÃO DO LEÃO"
641,"BOQUEIRÃO DO PIAUÍ"
642,BOQUIM
643,BOQUIRA
644,"BORACÉIA"
645,BORBA
646,BORBOREMA
647,"BORDA DA MATA"
648,BOREBI
649,"BORRAZÓPOLIS"
650,"BORÁ"
651,BOSSOROCA
652,BOTELHOS
653,BOTUCATU
654,BOTUMIRIM
655,"BOTUPORÃ"
656,"BOTUVERÁ"
657,BOZANO
658,BRAGA
659,BRAGANEY
660,"BRAGANÇA"
661,"BRAGANÇA PAULISTA"
662,BRANQUINHA
663,"BRASIL NOVO"
664,BRASILEIRA
665,"BRASILÂNDIA"
666,"BRASILÂNDIA DE MINAS"
667,"BRASILÂNDIA DO SUL"
668,"BRASILÂNDIA DO TOCANTINS"
669,"BRASILÉIA"
670,BRASNORTE
671,"BRASÍLIA"
672,"BRASÍLIA DE MINAS"
673,BRAZABRANTES
674,"BRAZÓPOLIS"
675,"BRAÇO DO NORTE"
676,"BRAÇO DO TROMBUDO"
677,"BRAÚNA"
678,"BRAÚNAS"
679,BREJETUBA
680,BREJINHO
681,"BREJINHO DE NAZARÉ"
682,BREJO
683,"BREJO ALEGRE"
684,"BREJO DA MADRE DE DEUS"
685,"BREJO DE AREIA"
686,"BREJO DO CRUZ"
687,"BREJO DO PIAUÍ"
688,"BREJO DOS SANTOS"
689,"BREJO GRANDE"
690,"BREJO GRANDE DO ARAGUAIA"
691,"BREJO SANTO"
692,"BREJOLÂNDIA"
693,"BREJÃO"
694,"BREJÕES"
695,"BREU BRANCO"
696,BREVES
697,"BRITÂNIA"
698,BROCHIER
699,BRODOWSKI
700,BROTAS
701,"BROTAS DE MACAÚBAS"
702,BRUMADINHO
703,BRUMADO
704,"BRUNÓPOLIS"
705,BRUSQUE
706,"BRÁS PIRES"
707,"BUENO BRANDÃO"
708,"BUENOS AIRES"
709,"BUENÓPOLIS"
710,BUERAREMA
711,BUGRE
712,BUJARI
713,BUJARU
714,BURI
715,BURITAMA
716,BURITI
717,"BURITI ALEGRE"
718,"BURITI BRAVO"
719,"BURITI DE GOIÁS"
720,"BURITI DO TOCANTINS"
721,"BURITI DOS LOPES"
722,"BURITI DOS MONTES"
723,BURITICUPU
724,"BURITINÓPOLIS"
725,BURITIRAMA
726,BURITIRANA
727,BURITIS
728,BURITIZAL
729,BURITIZEIRO
730,"BUTIÁ"
731,"BUÍQUE"
732,"BÁLSAMO"
733,CAAPIRANGA
734,"CAAPORÃ"
735,"CAARAPÓ"
736,CAATIBA
737,CABACEIRAS
738,"CABECEIRA GRANDE"
739,CABECEIRAS
740,"CABECEIRAS DO PIAUÍ"
741,CABEDELO
742,CABIXI
743,"CABO DE SANTO AGOSTINHO"
744,"CABO FRIO"
745,"CABO VERDE"
746,"CABREÚVA"
747,"CABROBÓ"
748,"CABRÁLIA PAULISTA"
749,"CACAULÂNDIA"
750,CACEQUI
751,CACHOEIRA
752,"CACHOEIRA ALTA"
753,"CACHOEIRA DA PRATA"
754,"CACHOEIRA DE GOIÁS"
755,"CACHOEIRA DE MINAS"
756,"CACHOEIRA DE PAJEÚ"
757,"CACHOEIRA DO ARARI"
758,"CACHOEIRA DO PIRIÁ"
759,"CACHOEIRA DO SUL"
760,"CACHOEIRA DOS ÍNDIOS"
761,"CACHOEIRA DOURADA"
762,"CACHOEIRA GRANDE"
763,"CACHOEIRA PAULISTA"
764,"CACHOEIRAS DE MACACU"
765,CACHOEIRINHA
766,"CACHOEIRO DE ITAPEMIRIM"
767,"CACIMBA DE AREIA"
768,"CACIMBA DE DENTRO"
769,CACIMBAS
770,CACIMBINHAS
771,"CACIQUE DOBLE"
772,CACOAL
773,CACONDE
774,"CACULÉ"
775,CAETANOS
776,"CAETANÓPOLIS"
777,"CAETITÉ"
778,"CAETÉ"
779,"CAETÉS"
780,CAFARNAUM
781,CAFEARA
782,"CAFELÂNDIA"
783,"CAFEZAL DO SUL"
784,CAIABU
785,CAIANA
786,"CAIAPÔNIA"
787,"CAIBATÉ"
788,CAIBI
789,"CAICÓ"
790,CAIEIRAS
791,CAIRU
792,"CAIUÁ"
793,"CAIÇARA"
794,"CAIÇARA DO NORTE"
795,"CAIÇARA DO RIO DO VENTO"
796,CAJAMAR
797,"CAJAPIÓ"
798,CAJARI
799,CAJATI
800,CAJAZEIRAS
801,"CAJAZEIRAS DO PIAUÍ"
802,CAJAZEIRINHAS
803,CAJOBI
804,CAJUEIRO
805,"CAJUEIRO DA PRAIA"
806,CAJURI
807,CAJURU
808,CALDAS
809,"CALDAS BRANDÃO"
810,"CALDAS NOVAS"
811,CALDAZINHA
812,"CALDEIRÃO GRANDE"
813,"CALDEIRÃO GRANDE DO PIAUÍ"
814,"CALIFÓRNIA"
815,CALMON
816,CALUMBI
817,"CALÇADO"
818,"CALÇOENE"
819,CAMACAN
820,CAMACHO
821,"CAMALAÚ"
822,CAMAMU
823,CAMANDUCAIA
824,"CAMAPUÃ"
825,"CAMAQUÃ"
826,CAMARAGIBE
827,CAMARGO
828,"CAMAÇARI"
829,"CAMBARÁ"
830,"CAMBARÁ DO SUL"
831,CAMBIRA
832,"CAMBORIÚ"
833,CAMBUCI
834,CAMBUQUIRA
835,"CAMBUÍ"
836,"CAMBÉ"
837,"CAMETÁ"
838,CAMOCIM
839,"CAMOCIM DE SÃO FÉLIX"
840,CAMPANHA
841,"CAMPANÁRIO"
842,CAMPESTRE
843,"CAMPESTRE DA SERRA"
844,"CAMPESTRE DE GOIÁS"
845,"CAMPESTRE DO MARANHÃO"
846,"CAMPINA DA LAGOA"
847,"CAMPINA DAS MISSÕES"
848,"CAMPINA DO MONTE ALEGRE"
849,"CAMPINA DO SIMÃO"
850,"CAMPINA GRANDE"
851,"CAMPINA GRANDE DO SUL"
852,"CAMPINA VERDE"
853,CAMPINAS
854,"CAMPINAS DO PIAUÍ"
855,"CAMPINAS DO SUL"
856,"CAMPINAÇU"
857,CAMPINORTE
858,"CAMPINÁPOLIS"
859,"CAMPO ALEGRE"
860,"CAMPO ALEGRE DE GOIÁS"
861,"CAMPO ALEGRE DE LOURDES"
862,"CAMPO ALEGRE DO FIDALGO"
863,"CAMPO AZUL"
864,"CAMPO BELO"
865,"CAMPO BELO DO SUL"
866,"CAMPO BOM"
867,"CAMPO BONITO"
868,"CAMPO DO BRITO"
869,"CAMPO DO MEIO"
870,"CAMPO DO TENENTE"
871,"CAMPO ERÊ"
872,"CAMPO FLORIDO"
873,"CAMPO FORMOSO"
874,"CAMPO GRANDE"
875,"CAMPO GRANDE DO PIAUÍ"
876,"CAMPO LARGO"
877,"CAMPO LARGO DO PIAUÍ"
878,"CAMPO LIMPO DE GOIÁS"
879,"CAMPO LIMPO PAULISTA"
880,"CAMPO MAGRO"
881,"CAMPO MAIOR"
882,"CAMPO MOURÃO"
883,"CAMPO NOVO"
884,"CAMPO NOVO DE RONDÔNIA"
885,"CAMPO NOVO DO PARECIS"
886,"CAMPO REDONDO"
887,"CAMPO VERDE"
888,"CAMPOS ALTOS"
889,"CAMPOS BELOS"
890,"CAMPOS BORGES"
891,"CAMPOS DE JÚLIO"
892,"CAMPOS DO JORDÃO"
893,"CAMPOS DOS GOYTACAZES"
894,"CAMPOS GERAIS"
895,"CAMPOS LINDOS"
896,"CAMPOS NOVOS"
897,"CAMPOS NOVOS PAULISTA"
898,"CAMPOS SALES"
899,"CAMPOS VERDES"
900,CAMUTANGA
901,"CANA VERDE"
902,"CANABRAVA DO NORTE"
903,"CANANÉIA"
904,CANAPI
905,CANARANA
906,CANAS
907,CANAVIEIRA
908,CANAVIEIRAS
909,"CANAÃ"
910,"CANAÃ DOS CARAJÁS"
911,CANDEAL
912,CANDEIAS
913,"CANDEIAS DO JAMARI"
914,"CANDELÁRIA"
915,CANDIBA
916,CANDIOTA
917,"CANDÓI"
918,CANELA
919,CANELINHA
920,CANGUARETAMA
921,"CANGUÇU"
922,CANHOBA
923,CANHOTINHO
924,"CANINDÉ"
925,"CANINDÉ DE SÃO FRANCISCO"
926,CANITAR
927,CANOAS
928,CANOINHAS
929,"CANSANÇÃO"
930,CANTAGALO
931,CANTANHEDE
932,"CANTO DO BURITI"
933,"CANTÁ"
934,CANUDOS
935,"CANUDOS DO VALE"
936,CANUTAMA
937,"CANÁPOLIS"
938,CAPANEMA
939,"CAPARAÓ"
940,CAPELA
941,"CAPELA DE SANTANA"
942,"CAPELA DO ALTO"
943,"CAPELA DO ALTO ALEGRE"
944,"CAPELA NOVA"
945,CAPELINHA
946,CAPETINGA
947,CAPIM
948,"CAPIM BRANCO"
949,"CAPIM GROSSO"
950,CAPINZAL
951,"CAPINZAL DO NORTE"
952,"CAPINÓPOLIS"
953,CAPISTRANO
954,"CAPITÃO"
955,"CAPITÃO ANDRADE"
956,"CAPITÃO DE CAMPOS"
957,"CAPITÃO ENÉAS"
958,"CAPITÃO GERVÁSIO OLIVEIRA"
959,"CAPITÃO LEÔNIDAS MARQUES"
960,"CAPITÃO POÇO"
961,"CAPITÓLIO"
962,CAPIVARI
963,"CAPIVARI DE BAIXO"
964,"CAPIVARI DO SUL"
965,CAPIXABA
966,CAPOEIRAS
967,CAPUTIRA
968,"CAPÃO ALTO"
969,"CAPÃO BONITO"
970,"CAPÃO BONITO DO SUL"
971,"CAPÃO DA CANOA"
972,"CAPÃO DO CIPÓ"
973,"CAPÃO DO LEÃO"
974,"CARACARAÍ"
975,CARACOL
976,CARAGUATATUBA
977,"CARAMBEÍ"
978,"CARANAÍBA"
979,"CARANDAÍ"
980,CARANGOLA
981,CARAPEBUS
982,CARATINGA
983,CARAUARI
984,CARAVELAS
985,CARAZINHO
986,"CARAÁ"
987,"CARAÍ"
988,"CARAÍBAS"
989,"CARAÚBAS"
990,"CARAÚBAS DO PIAUÍ"
991,CARBONITA
992,"CARDEAL DA SILVA"
993,CARDOSO
994,"CARDOSO MOREIRA"
995,"CAREAÇU"
996,CAREIRO
997,"CAREIRO DA VÁRZEA"
998,CARIACICA
999,CARIDADE
1000,"CARIDADE DO PIAUÍ"
1001,CARINHANHA
1002,CARIRA
1003,"CARIRI DO TOCANTINS"
1004,"CARIRIAÇU"
1005,"CARIRÉ"
1006,"CARIÚS"
1007,CARLINDA
1008,"CARLOS BARBOSA"
1009,"CARLOS CHAGAS"
1010,"CARLOS GOMES"
1011,"CARLÓPOLIS"
1012,CARMO
1013,"CARMO DA CACHOEIRA"
1014,"CARMO DA MATA"
1015,"CARMO DE MINAS"
1016,"CARMO DO CAJURU"
1017,"CARMO DO PARANAÍBA"
1018,"CARMO DO RIO CLARO"
1019,"CARMO DO RIO VERDE"
1020,"CARMOLÂNDIA"
1021,"CARMÉSIA"
1022,"CARMÓPOLIS"
1023,"CARMÓPOLIS DE MINAS"
1024,CARNAUBAIS
1025,CARNAUBAL
1026,"CARNAUBEIRA DA PENHA"
1027,"CARNAÍBA"
1028,"CARNAÚBA DOS DANTAS"
1029,CARNEIRINHO
1030,CAROEBE
1031,CAROLINA
1032,CARPINA
1033,CARRANCAS
1034,CARRAPATEIRA
1035,"CARRASCO BONITO"
1036,CARUARU
1037,CARUTAPERA
1038,CARVALHOS
1039,"CARVALHÓPOLIS"
1040,"CASA BRANCA"
1041,"CASA GRANDE"
1042,"CASA NOVA"
1043,CASCA
1044,"CASCALHO RICO"
1045,CASCAVEL
1046,CASEARA
1047,CASEIROS
1048,"CASIMIRO DE ABREU"
1049,CASINHAS
1050,CASSERENGUE
1051,"CASSILÂNDIA"
1052,CASTANHAL
1053,CASTANHEIRA
1054,CASTANHEIRAS
1055,CASTELO
1056,"CASTELO DO PIAUÍ"
1057,"CASTELÂNDIA"
1058,CASTILHO
1059,CASTRO
1060,"CASTRO ALVES"
1061,CATAGUASES
1062,"CATALÃO"
1063,CATANDUVA
1064,CATANDUVAS
1065,CATARINA
1066,"CATAS ALTAS"
1067,"CATAS ALTAS DA NORUEGA"
1068,CATENDE
1069,"CATIGUÁ"
1070,CATINGUEIRA
1071,"CATOLÂNDIA"
1072,"CATOLÉ DO ROCHA"
1073,CATU
1074,CATUJI
1075,CATUNDA
1076,CATURAMA
1077,"CATURAÍ"
1078,"CATURITÉ"
1079,CATUTI
1080,"CATUÍPE"
1081,CAUCAIA
1082,CAVALCANTE
1083,CAXAMBU
1084,"CAXAMBU DO SUL"
1085,CAXIAS
1086,"CAXIAS DO SUL"
1087,"CAXINGÓ"
1088,"CAÇADOR"
1089,"CAÇAPAVA"
1090,"CAÇAPAVA DO SUL"
1091,"CAÇU"
1092,"CAÉM"
1093,"CEARÁ-MIRIM"
1094,CEDRAL
1095,CEDRO
1096,"CEDRO DE SÃO JOÃO"
1097,"CEDRO DO ABAETÉ"
1098,"CELSO RAMOS"
1099,"CENTENÁRIO"
1100,"CENTENÁRIO DO SUL"
1101,CENTRAL
1102,"CENTRAL DE MINAS"
1103,"CENTRAL DO MARANHÃO"
1104,CENTRALINA
1105,"CENTRO DO GUILHERME"
1106,"CENTRO NOVO DO MARANHÃO"
1107,CEREJEIRAS
1108,CERES
1109,"CERQUEIRA CÉSAR"
1110,CERQUILHO
1111,CERRITO
1112,"CERRO AZUL"
1113,"CERRO BRANCO"
1114,"CERRO CORÁ"
1115,"CERRO GRANDE"
1116,"CERRO GRANDE DO SUL"
1117,"CERRO LARGO"
1118,"CERRO NEGRO"
1119,"CESÁRIO LANGE"
1120,CEZARINA
1121,"CHALÉ"
1122,CHAPADA
1123,"CHAPADA DA NATIVIDADE"
1124,"CHAPADA DE AREIA"
1125,"CHAPADA DO NORTE"
1126,"CHAPADA DOS GUIMARÃES"
1127,"CHAPADA GAÚCHA"
1128,CHAPADINHA
1129,"CHAPADÃO DO CÉU"
1130,"CHAPADÃO DO LAGEADO"
1131,"CHAPADÃO DO SUL"
1132,"CHAPECÓ"
1133,CHARQUEADA
1134,CHARQUEADAS
1135,CHARRUA
1136,CHAVAL
1137,CHAVANTES
1138,CHAVES
1139,CHIADOR
1140,CHIAPETTA
1141,CHOPINZINHO
1142,CHOROZINHO
1143,"CHORROCHÓ"
1144,"CHORÓ"
1145,CHUPINGUAIA
1146,CHUVISCA
1147,"CHUÍ"
1148,"CHÁCARA"
1149,"CHÃ DE ALEGRIA"
1150,"CHÃ GRANDE"
1151,"CHÃ PRETA"
1152,CIANORTE
1153,"CIDADE GAÚCHA"
1154,"CIDADE OCIDENTAL"
1155,"CIDELÂNDIA"
1156,CIDREIRA
1157,"CIPOTÂNEA"
1158,"CIPÓ"
1159,"CIRÍACO"
1160,CLARAVAL
1161,"CLARO DOS POÇÕES"
1162,CLEMENTINA
1163,"CLEVELÂNDIA"
1164,"CLÁUDIA"
1165,"CLÁUDIO"
1166,COARACI
1167,COARI
1168,COCAL
1169,"COCAL DE TELHA"
1170,"COCAL DO SUL"
1171,"COCAL DOS ALVES"
1172,COCALINHO
1173,"COCALZINHO DE GOIÁS"
1174,COCOS
1175,"CODAJÁS"
1176,"CODÓ"
1177,"COELHO NETO"
1178,COIMBRA
1179,"COITÉ DO NÓIA"
1180,COIVARAS
1181,COLARES
1182,COLATINA
1183,COLINA
1184,COLINAS
1185,"COLINAS DO SUL"
1186,"COLINAS DO TOCANTINS"
1187,"COLMÉIA"
1188,COLNIZA
1189,COLOMBO
1190,COLORADO
1191,"COLORADO DO OESTE"
1192,COLUNA
1193,"COLÍDER"
1194,"COLÔMBIA"
1195,"COLÔNIA DO GURGUÉIA"
1196,"COLÔNIA DO PIAUÍ"
1197,"COLÔNIA LEOPOLDINA"
1198,COMBINADO
1199,"COMENDADOR GOMES"
1200,"COMENDADOR LEVY GASPARIAN"
1201,COMERCINHO
1202,COMODORO
1203,"CONCEIÇÃO"
1204,"CONCEIÇÃO DA APARECIDA"
1205,"CONCEIÇÃO DA BARRA"
1206,"CONCEIÇÃO DA BARRA DE MINAS"
1207,"CONCEIÇÃO DA FEIRA"
1208,"CONCEIÇÃO DAS ALAGOAS"
1209,"CONCEIÇÃO DAS PEDRAS"
1210,"CONCEIÇÃO DE IPANEMA"
1211,"CONCEIÇÃO DE MACABU"
1212,"CONCEIÇÃO DO ALMEIDA"
1213,"CONCEIÇÃO DO ARAGUAIA"
1214,"CONCEIÇÃO DO CANINDÉ"
1215,"CONCEIÇÃO DO CASTELO"
1216,"CONCEIÇÃO DO COITÉ"
1217,"CONCEIÇÃO DO JACUÍPE"
1218,"CONCEIÇÃO DO LAGO-AÇU"
1219,"CONCEIÇÃO DO MATO DENTRO"
1220,"CONCEIÇÃO DO PARÁ"
1221,"CONCEIÇÃO DO RIO VERDE"
1222,"CONCEIÇÃO DO TOCANTINS"
1223,"CONCEIÇÃO DOS OUROS"
1224,CONCHAL
1225,CONCHAS
1226,"CONCÓRDIA"
1227,"CONCÓRDIA DO PARÁ"
1228,CONDADO
1229,CONDE
1230,"CONDEÚBA"
1231,CONDOR
1232,CONFINS
1233,CONFRESA
1234,CONGO
1235,CONGONHAL
1236,CONGONHAS
1237,"CONGONHAS DO NORTE"
1238,CONGONHINHAS
1239,CONQUISTA
1240,"CONQUISTA D'OESTE"
1241,"CONSELHEIRO LAFAIETE"
1242,"CONSELHEIRO MAIRINCK"
1243,"CONSELHEIRO PENA"
1244,"CONSOLAÇÃO"
1245,CONSTANTINA
1246,CONTAGEM
1247,CONTENDA
1248,"CONTENDAS DO SINCORÁ"
1249,COQUEIRAL
1250,"COQUEIRO BAIXO"
1251,"COQUEIRO SECO"
1252,"COQUEIROS DO SUL"
1253,"CORAÇÃO DE JESUS"
1254,"CORAÇÃO DE MARIA"
1255,"CORBÉLIA"
1256,CORDEIRO
1257,CORDEIROS
1258,"CORDEIRÓPOLIS"
1259,"CORDILHEIRA ALTA"
1260,CORDISBURGO
1261,"CORDISLÂNDIA"
1262,"COREAÚ"
1263,COREMAS
1264,CORGUINHO
1265,CORIBE
1266,CORINTO
1267,"CORNÉLIO PROCÓPIO"
1268,COROACI
1269,COROADOS
1270,"COROATÁ"
1271,COROMANDEL
1272,"CORONEL BARROS"
1273,"CORONEL BICACO"
1274,"CORONEL DOMINGOS SOARES"
1275,"CORONEL EZEQUIEL"
1276,"CORONEL FABRICIANO"
1277,"CORONEL FREITAS"
1278,"CORONEL JOSÉ DIAS"
1279,"CORONEL JOÃO PESSOA"
1280,"CORONEL JOÃO SÁ"
1281,"CORONEL MACEDO"
1282,"CORONEL MARTINS"
1283,"CORONEL MURTA"
1284,"CORONEL PACHECO"
1285,"CORONEL PILAR"
1286,"CORONEL SAPUCAIA"
1287,"CORONEL VIVIDA"
1288,"CORONEL XAVIER CHAVES"
1289,"CORREIA PINTO"
1290,CORRENTE
1291,CORRENTES
1292,CORRENTINA
1293,"CORTÊS"
1294,"CORUMBATAÍ"
1295,"CORUMBATAÍ DO SUL"
1296,"CORUMBAÍBA"
1297,CORUMBIARA
1298,"CORUMBÁ"
1299,"CORUMBÁ DE GOIÁS"
1300,"CORUPÁ"
1301,CORURIPE
1302,COSMORAMA
1303,"COSMÓPOLIS"
1304,"COSTA MARQUES"
1305,"COSTA RICA"
1306,COTEGIPE
1307,COTIA
1308,"COTIPORÃ"
1309,"COTRIGUAÇU"
1310,"COUTO DE MAGALHÃES DE MINAS"
1311,"COUTO MAGALHÃES"
1312,COXILHA
1313,COXIM
1314,"CRATEÚS"
1315,CRATO
1316,CRAVINHOS
1317,"CRAVOLÂNDIA"
1318,"CRAÍBAS"
1319,"CRICIÚMA"
1320,CRISSIUMAL
1321,CRISTAIS
1322,"CRISTAIS PAULISTA"
1323,CRISTAL
1324,"CRISTAL DO SUL"
1325,CRISTALINA
1326,"CRISTALÂNDIA"
1327,"CRISTALÂNDIA DO PIAUÍ"
1328,"CRISTIANO OTONI"
1329,"CRISTIANÓPOLIS"
1330,CRISTINA
1331,"CRISTINO CASTRO"
1332,"CRISTINÁPOLIS"
1333,"CRISTÁLIA"
1334,"CRISTÓPOLIS"
1335,"CRISÓLITA"
1336,"CRISÓPOLIS"
1337,"CRIXÁS"
1338,"CRIXÁS DO TOCANTINS"
1339,"CROATÁ"
1340,"CROMÍNIA"
1341,"CRUCILÂNDIA"
1342,CRUZ
1343,"CRUZ ALTA"
1344,"CRUZ DAS ALMAS"
1345,"CRUZ DO ESPÍRITO SANTO"
1346,"CRUZ MACHADO"
1347,CRUZALTENSE
1348,CRUZEIRO
1349,"CRUZEIRO DA FORTALEZA"
1350,"CRUZEIRO DO IGUAÇU"
1351,"CRUZEIRO DO OESTE"
1352,"CRUZEIRO DO SUL"
1353,CRUZETA
1354,CRUZMALTINA
1355,"CRUZÁLIA"
1356,"CRUZÍLIA"
1357,"CUBATÃO"
1358,"CUIABÁ"
1359,CUITEGI
1360,"CUITÉ"
1361,"CUITÉ DE MAMANGUAPE"
1362,CUJUBIM
1363,CUMARI
1364,CUMARU
1365,"CUMARU DO NORTE"
1366,CUMBE
1367,CUNHA
1368,"CUNHA PORÃ"
1369,"CUNHATAÍ"
1370,CUPARAQUE
1371,CUPIRA
1372,"CURAÇÁ"
1373,"CURIMATÁ"
1374,"CURIONÓPOLIS"
1375,CURITIBA
1376,CURITIBANOS
1377,"CURIÚVA"
1378,CURRAIS
1379,"CURRAIS NOVOS"
1380,"CURRAL DE CIMA"
1381,"CURRAL DE DENTRO"
1382,"CURRAL NOVO DO PIAUÍ"
1383,"CURRAL VELHO"
1384,CURRALINHO
1385,CURRALINHOS
1386,CURURUPU
1387,"CURUÁ"
1388,"CURUÇÁ"
1389,CURVELO
1390,"CURVELÂNDIA"
1391,"CUSTÓDIA"
1392,CUTIAS
1393,"CÁCERES"
1394,"CÁSSIA"
1395,"CÁSSIA DOS COQUEIROS"
1396,"CÂNDIDO DE ABREU"
1397,"CÂNDIDO GODÓI"
1398,"CÂNDIDO MENDES"
1399,"CÂNDIDO MOTA"
1400,"CÂNDIDO RODRIGUES"
1401,"CÂNDIDO SALES"
1402,"CÉU AZUL"
1403,"CÍCERO DANTAS"
1404,"CÓRREGO DANTA"
1405,"CÓRREGO DO BOM JESUS"
1406,"CÓRREGO DO OURO"
1407,"CÓRREGO FUNDO"
1408,"CÓRREGO NOVO"
1409,"CÔNEGO MARINHO"
1410,"DAMIANÓPOLIS"
1411,"DAMIÃO"
1412,"DAMOLÂNDIA"
1413,"DARCINÓPOLIS"
1414,DATAS
1415,"DAVID CANABARRO"
1416,"DAVINÓPOLIS"
1417,"DELFIM MOREIRA"
1418,"DELFINÓPOLIS"
1419,"DELMIRO GOUVEIA"
1420,DELTA
1421,"DEMERVAL LOBÃO"
1422,DENISE
1423,"DEODÁPOLIS"
1424,"DEPUTADO IRAPUAN PINHEIRO"
1425,DERRUBADAS
1426,DESCALVADO
1427,DESCANSO
1428,DESCOBERTO
1429,DESTERRO
1430,"DESTERRO DE ENTRE RIOS"
1431,"DESTERRO DO MELO"
1432,"DEZESSEIS DE NOVEMBRO"
1433,DIADEMA
1434,DIAMANTE
1435,"DIAMANTE D'OESTE"
1436,"DIAMANTE DO NORTE"
1437,"DIAMANTE DO SUL"
1438,DIAMANTINA
1439,DIAMANTINO
1440,"DIANÓPOLIS"
1441,"DIAS D'ÁVILA"
1442,"DILERMANDO DE AGUIAR"
1443,"DIOGO DE VASCONCELOS"
1444,"DIONÍSIO"
1445,"DIONÍSIO CERQUEIRA"
1446,DIORAMA
1447,"DIRCE REIS"
1448,"DIRCEU ARCOVERDE"
1449,"DIVINA PASTORA"
1450,DIVINO
1451,"DIVINO DAS LARANJEIRAS"
1452,"DIVINO DE SÃO LOURENÇO"
1453,"DIVINOLÂNDIA"
1454,"DIVINOLÂNDIA DE MINAS"
1455,"DIVINÉSIA"
1456,"DIVINÓPOLIS"
1457,"DIVINÓPOLIS DE GOIÁS"
1458,"DIVINÓPOLIS DO TOCANTINS"
1459,"DIVISA ALEGRE"
1460,"DIVISA NOVA"
1461,"DIVISÓPOLIS"
1462,DOBRADA
1463,"DOIS CÓRREGOS"
1464,"DOIS IRMÃOS"
1465,"DOIS IRMÃOS DAS MISSÕES"
1466,"DOIS IRMÃOS DO BURITI"
1467,"DOIS IRMÃOS DO TOCANTINS"
1468,"DOIS LAJEADOS"
1469,"DOIS RIACHOS"
1470,"DOIS VIZINHOS"
1471,"DOLCINÓPOLIS"
1472,"DOM AQUINO"
1473,"DOM BASÍLIO"
1474,"DOM BOSCO"
1475,"DOM CAVATI"
1476,"DOM ELISEU"
1477,"DOM EXPEDITO LOPES"
1478,"DOM FELICIANO"
1479,"DOM INOCÊNCIO"
1480,"DOM JOAQUIM"
1481,"DOM PEDRITO"
1482,"DOM PEDRO"
1483,"DOM SILVÉRIO"
1484,"DOM VIÇOSO"
1485,"DOMINGOS MARTINS"
1486,"DOMINGOS MOURÃO"
1487,"DONA EMMA"
1488,"DONA EUSÉBIA"
1489,"DONA FRANCISCA"
1490,"DONA INÊS"
1491,"DORES DE CAMPOS"
1492,"DORES DE GUANHÃES"
1493,"DORES DO INDAIÁ"
1494,"DORES DO RIO PRETO"
1495,"DORES DO TURVO"
1496,"DORESÓPOLIS"
1497,DORMENTES
1498,DOURADINA
1499,DOURADO
1500,DOURADOQUARA
1501,DOURADOS
1502,"DOUTOR CAMARGO"
1503,"DOUTOR MAURÍCIO CARDOSO"
1504,"DOUTOR PEDRINHO"
1505,"DOUTOR RICARDO"
1506,"DOUTOR SEVERIANO"
1507,"DOUTOR ULYSSES"
1508,"DOVERLÂNDIA"
1509,DRACENA
1510,DUARTINA
1511,"DUAS BARRAS"
1512,"DUAS ESTRADAS"
1513,"DUERÉ"
1514,DUMONT
1515,"DUQUE BACELAR"
1516,"DUQUE DE CAXIAS"
1517,"DURANDÉ"
1518,"DÁRIO MEIRA"
1519,"ECHAPORÃ"
1520,ECOPORANGA
1521,EDEALINA
1522,"EDÉIA"
1523,"EIRUNEPÉ"
1524,ELDORADO
1525,"ELDORADO DO CARAJÁS"
1526,"ELDORADO DO SUL"
1527,"ELESBÃO VELOSO"
1528,"ELIAS FAUSTO"
1529,"ELISEU MARTINS"
1530,"ELISIÁRIO"
1531,"ELÍSIO MEDRADO"
1532,"ELÓI MENDES"
1533,EMAS
1534,"EMBAÚBA"
1535,"EMBU DAS ARTES"
1536,"EMBU-GUAÇU"
1537,"EMILIANÓPOLIS"
1538,ENCANTADO
1539,ENCANTO
1540,ENCRUZILHADA
1541,"ENCRUZILHADA DO SUL"
1542,"ENGENHEIRO BELTRÃO"
1543,"ENGENHEIRO CALDAS"
1544,"ENGENHEIRO COELHO"
1545,"ENGENHEIRO NAVARRO"
1546,"ENGENHEIRO PAULO DE FRONTIN"
1547,"ENGENHO VELHO"
1548,"ENTRE FOLHAS"
1549,"ENTRE RIOS"
1550,"ENTRE RIOS DE MINAS"
1551,"ENTRE RIOS DO OESTE"
1552,"ENTRE RIOS DO SUL"
1553,"ENTRE-IJUÍS"
1554,ENVIRA
1555,"ENÉAS MARQUES"
1556,"EPITACIOLÂNDIA"
1557,EQUADOR
1558,EREBANGO
1559,ERECHIM
1560,"ERERÊ"
1561,ERMO
1562,ERNESTINA
1563,"ERVAL GRANDE"
1564,"ERVAL SECO"
1565,"ERVAL VELHO"
1566,"ERVÁLIA"
1567,ESCADA
1568,ESMERALDA
1569,ESMERALDAS
1570,"ESPERA FELIZ"
1571,ESPERANTINA
1572,"ESPERANTINÓPOLIS"
1573,"ESPERANÇA"
1574,"ESPERANÇA DO SUL"
1575,"ESPERANÇA NOVA"
1576,"ESPIGÃO ALTO DO IGUAÇU"
1577,"ESPIGÃO D'OESTE"
1578,ESPINOSA
1579,ESPLANADA
1580,ESPUMOSO
1581,"ESPÍRITO SANTO"
1582,"ESPÍRITO SANTO DO DOURADO"
1583,"ESPÍRITO SANTO DO PINHAL"
1584,"ESPÍRITO SANTO DO TURVO"
1585,"ESTAÇÃO"
1586,ESTEIO
1587,ESTIVA
1588,"ESTIVA GERBI"
1589,ESTREITO
1590,ESTRELA
1591,"ESTRELA D'OESTE"
1592,"ESTRELA DALVA"
1593,"ESTRELA DE ALAGOAS"
1594,"ESTRELA DO INDAIÁ"
1595,"ESTRELA DO NORTE"
1596,"ESTRELA DO SUL"
1597,"ESTRELA VELHA"
1598,"ESTÂNCIA"
1599,"ESTÂNCIA VELHA"
1600,"EUCLIDES DA CUNHA"
1601,"EUCLIDES DA CUNHA PAULISTA"
1602,"EUGENÓPOLIS"
1603,"EUGÊNIO DE CASTRO"
1604,"EUNÁPOLIS"
1605,"EUSÉBIO"
1606,"EWBANK DA CÂMARA"
1607,EXTREMA
1608,EXTREMOZ
1609,EXU
1610,FAGUNDES
1611,"FAGUNDES VARELA"
1612,FAINA
1613,FAMA
1614,"FARIA LEMOS"
1615,"FARIAS BRITO"
1616,FARO
1617,FAROL
1618,FARROUPILHA
1619,FARTURA
1620,"FARTURA DO PIAUÍ"
1621,FAXINAL
1622,"FAXINAL DO SOTURNO"
1623,"FAXINAL DOS GUEDES"
1624,FAXINALZINHO
1625,"FAZENDA NOVA"
1626,"FAZENDA RIO GRANDE"
1627,"FAZENDA VILANOVA"
1628,"FEIJÓ"
1629,"FEIRA DA MATA"
1630,"FEIRA DE SANTANA"
1631,"FEIRA GRANDE"
1632,"FEIRA NOVA"
1633,"FEIRA NOVA DO MARANHÃO"
1634,"FELIPE GUERRA"
1635,FELISBURGO
1636,"FELIXLÂNDIA"
1637,FELIZ
1638,"FELIZ DESERTO"
1639,"FELIZ NATAL"
1640,"FELÍCIO DOS SANTOS"
1641,"FERNANDES PINHEIRO"
1642,"FERNANDES TOURINHO"
1643,"FERNANDO FALCÃO"
1644,"FERNANDO PEDROZA"
1645,"FERNANDO PRESTES"
1646,"FERNANDÓPOLIS"
1647,"FERNÃO"
1648,"FERRAZ DE VASCONCELOS"
1649,"FERREIRA GOMES"
1650,FERREIROS
1651,FERROS
1652,FERVEDOURO
1653,FIGUEIRA
1654,"FIGUEIRÃO"
1655,"FIGUEIRÓPOLIS"
1656,"FIGUEIRÓPOLIS D'OESTE"
1657,"FILADÉLFIA"
1658,"FIRMINO ALVES"
1659,"FIRMINÓPOLIS"
1660,FLEXEIRAS
1661,"FLOR DA SERRA DO SUL"
1662,"FLOR DO SERTÃO"
1663,"FLORA RICA"
1664,"FLORAÍ"
1665,FLOREAL
1666,FLORES
1667,"FLORES DA CUNHA"
1668,"FLORES DE GOIÁS"
1669,"FLORES DO PIAUÍ"
1670,FLORESTA
1671,"FLORESTA AZUL"
1672,"FLORESTA DO ARAGUAIA"
1673,"FLORESTA DO PIAUÍ"
1674,FLORESTAL
1675,"FLORESTÓPOLIS"
1676,FLORIANO
1677,"FLORIANO PEIXOTO"
1678,"FLORIANÓPOLIS"
1679,"FLORÂNIA"
1680,"FLORÍNEA"
1681,"FLÓRIDA"
1682,"FLÓRIDA PAULISTA"
1683,"FONTE BOA"
1684,"FONTOURA XAVIER"
1685,FORMIGA
1686,FORMIGUEIRO
1687,FORMOSA
1688,"FORMOSA DA SERRA NEGRA"
1689,"FORMOSA DO OESTE"
1690,"FORMOSA DO RIO PRETO"
1691,"FORMOSA DO SUL"
1692,FORMOSO
1693,"FORMOSO DO ARAGUAIA"
1694,FORQUETINHA
1695,FORQUILHA
1696,FORQUILHINHA
1697,FORTALEZA
1698,"FORTALEZA DE MINAS"
1699,"FORTALEZA DO TABOCÃO"
1700,"FORTALEZA DOS NOGUEIRAS"
1701,"FORTALEZA DOS VALOS"
1702,FORTIM
1703,FORTUNA
1704,"FORTUNA DE MINAS"
1705,"FOZ DO IGUAÇU"
1706,"FOZ DO JORDÃO"
1707,FRAIBURGO
1708,FRANCA
1709,"FRANCINÓPOLIS"
1710,"FRANCISCO ALVES"
1711,"FRANCISCO AYRES"
1712,"FRANCISCO BADARÓ"
1713,"FRANCISCO BELTRÃO"
1714,"FRANCISCO DANTAS"
1715,"FRANCISCO DUMONT"
1716,"FRANCISCO MACEDO"
1717,"FRANCISCO MORATO"
1718,"FRANCISCO SANTOS"
1719,"FRANCISCO SÁ"
1720,"FRANCISCÓPOLIS"
1721,"FRANCO DA ROCHA"
1722,FRECHEIRINHA
1723,"FREDERICO WESTPHALEN"
1724,"FREI GASPAR"
1725,"FREI INOCÊNCIO"
1726,"FREI LAGONEGRO"
1727,"FREI MARTINHO"
1728,"FREI MIGUELINHO"
1729,"FREI PAULO"
1730,"FREI ROGÉRIO"
1731,FRONTEIRA
1732,"FRONTEIRA DOS VALES"
1733,FRONTEIRAS
1734,"FRUTA DE LEITE"
1735,FRUTAL
1736,"FRUTUOSO GOMES"
1737,"FUNDÃO"
1738,"FUNILÂNDIA"
1739,"FÁTIMA"
1740,"FÁTIMA DO SUL"
1741,"FÊNIX"
1742,"GABRIEL MONTEIRO"
1743,"GADO BRAVO"
1744,"GALILÉIA"
1745,GALINHOS
1746,"GALVÃO"
1747,GAMELEIRA
1748,"GAMELEIRA DE GOIÁS"
1749,GAMELEIRAS
1750,GANDU
1751,GARANHUNS
1752,GARARU
1753,GARIBALDI
1754,GAROPABA
1755,"GARRAFÃO DO NORTE"
1756,GARRUCHOS
1757,GARUVA
1758,"GARÇA"
1759,GASPAR
1760,"GASTÃO VIDIGAL"
1761,GAURAMA
1762,"GAVIÃO"
1763,"GAVIÃO PEIXOTO"
1764,"GAÚCHA DO NORTE"
1765,GEMINIANO
1766,"GENERAL CARNEIRO"
1767,"GENERAL CÂMARA"
1768,"GENERAL MAYNARD"
1769,"GENERAL SALGADO"
1770,"GENERAL SAMPAIO"
1771,GENTIL
1772,"GENTIO DO OURO"
1773,GETULINA
1774,"GETÚLIO VARGAS"
1775,"GILBUÉS"
1776,"GIRAU DO PONCIANO"
1777,"GIRUÁ"
1778,"GLAUCILÂNDIA"
1779,"GLICÉRIO"
1780,GLORINHA
1781,"GLÓRIA"
1782,"GLÓRIA D'OESTE"
1783,"GLÓRIA DE DOURADOS"
1784,"GLÓRIA DO GOITÁ"
1785,"GODOFREDO VIANA"
1786,"GODOY MOREIRA"
1787,GOIABEIRA
1788,GOIANA
1789,GOIANDIRA
1790,GOIANINHA
1791,GOIANIRA
1792,GOIANORTE
1793,"GOIANÁ"
1794,"GOIANÁPOLIS"
1795,"GOIANÉSIA"
1796,"GOIANÉSIA DO PARÁ"
1797,GOIATINS
1798,GOIATUBA
1799,"GOIOERÊ"
1800,GOIOXIM
1801,"GOIÁS"
1802,"GOIÂNIA"
1803,GONGOGI
1804,GONZAGA
1805,"GONÇALVES"
1806,"GONÇALVES DIAS"
1807,GOUVEIA
1808,"GOUVELÂNDIA"
1809,"GOVERNADOR ARCHER"
1810,"GOVERNADOR CELSO RAMOS"
1811,"GOVERNADOR DIX-SEPT ROSADO"
1812,"GOVERNADOR EDISON LOBÃO"
1813,"GOVERNADOR EUGÊNIO BARROS"
1814,"GOVERNADOR JORGE TEIXEIRA"
1815,"GOVERNADOR LINDENBERG"
1816,"GOVERNADOR LUIZ ROCHA"
1817,"GOVERNADOR MANGABEIRA"
1818,"GOVERNADOR NEWTON BELLO"
1819,"GOVERNADOR NUNES FREIRE"
1820,"GOVERNADOR VALADARES"
1821,"GRACHO CARDOSO"
1822,"GRAJAÚ"
1823,GRAMADO
1824,"GRAMADO DOS LOUREIROS"
1825,"GRAMADO XAVIER"
1826,"GRANDES RIOS"
1827,GRANITO
1828,GRANJA
1829,GRANJEIRO
1830,GRAVATAL
1831,"GRAVATAÍ"
1832,"GRAVATÁ"
1833,"GRAÇA"
1834,"GRAÇA ARANHA"
1835,"GROAÍRAS"
1836,GROSSOS
1837,GRUPIARA
1838,"GRÃO MOGOL"
1839,"GRÃO PARÁ"
1840,GUABIJU
1841,GUABIRUBA
1842,GUADALUPE
1843,"GUAIMBÊ"
1844,"GUAIRAÇÁ"
1845,"GUAIÇARA"
1846,"GUAIÚBA"
1847,"GUAJARÁ"
1848,"GUAJARÁ-MIRIM"
1849,GUAJERU
1850,"GUAMARÉ"
1851,GUAMIRANGA
1852,GUANAMBI
1853,"GUANHÃES"
1854,GUAPIARA
1855,"GUAPIAÇU"
1856,GUAPIMIRIM
1857,GUAPIRAMA
1858,GUAPOREMA
1859,"GUAPORÉ"
1860,"GUAPÉ"
1861,"GUAPÓ"
1862,GUARABIRA
1863,GUARACI
1864,GUARACIABA
1865,"GUARACIABA DO NORTE"
1866,GUARACIAMA
1867,GUARAMIRANGA
1868,GUARAMIRIM
1869,GUARANI
1870,"GUARANI D'OESTE"
1871,"GUARANI DAS MISSÕES"
1872,"GUARANI DE GOIÁS"
1873,"GUARANIAÇU"
1874,"GUARANTÃ"
1875,"GUARANTÃ DO NORTE"
1876,"GUARANÉSIA"
1877,GUARAPARI
1878,GUARAPUAVA
1879,"GUARAQUEÇABA"
1880,GUARARAPES
1881,GUARAREMA
1882,"GUARARÁ"
1883,GUARATINGA
1884,"GUARATINGUETÁ"
1885,GUARATUBA
1886,"GUARAÇAÍ"
1887,"GUARAÍ"
1888,"GUARAÍTA"
1889,GUARDA-MOR
1890,"GUAREÍ"
1891,GUARIBA
1892,GUARIBAS
1893,GUARINOS
1894,"GUARUJÁ"
1895,"GUARUJÁ DO SUL"
1896,GUARULHOS
1897,"GUARÁ"
1898,"GUATAMBÚ"
1899,"GUATAPARÁ"
1900,"GUAXUPÉ"
1901,"GUAÇUÍ"
1902,"GUAÍBA"
1903,"GUAÍRA"
1904,"GUIA LOPES DA LAGUNA"
1905,GUIDOVAL
1906,"GUIMARÂNIA"
1907,"GUIMARÃES"
1908,GUIRATINGA
1909,GUIRICEMA
1910,"GURINHATÃ"
1911,"GURINHÉM"
1912,"GURJÃO"
1913,GURUPI
1914,"GURUPÁ"
1915,"GUZOLÂNDIA"
1916,"GÁLIA"
1917,HARMONIA
1918,"HEITORAÍ"
1919,HELIODORA
1920,"HELIÓPOLIS"
1921,"HERCULÂNDIA"
1922,HERVAL
1923,"HERVAL D'OESTE"
1924,HERVEIRAS
1925,HIDROLINA
1926,"HIDROLÂNDIA"
1927,HOLAMBRA
1928,"HONÓRIO SERPA"
1929,HORIZONTE
1930,HORIZONTINA
1931,"HORTOLÂNDIA"
1932,"HUGO NAPOLEÃO"
1933,"HULHA NEGRA"
1934,"HUMAITÁ"
1935,"HUMBERTO DE CAMPOS"
1936,IACANGA
1937,IACIARA
1938,IACRI
1939,IAPU
1940,IARAS
1941,IATI
1942,"IAÇU"
1943,IBAITI
1944,IBARAMA
1945,IBARETAMA
1946,IBATEGUARA
1947,IBATIBA
1948,"IBATÉ"
1949,IBEMA
1950,IBERTIOGA
1951,IBIAM
1952,IBIAPINA
1953,IBIARA
1954,"IBIASSUCÊ"
1955,"IBIAÇÁ"
1956,"IBIAÍ"
1957,"IBICARAÍ"
1958,"IBICARÉ"
1959,IBICOARA
1960,IBICUITINGA
1961,"IBICUÍ"
1962,IBIMIRIM
1963,IBIPEBA
1964,IBIPITANGA
1965,"IBIPORÃ"
1966,IBIQUERA
1967,IBIRACATU
1968,IBIRACI
1969,IBIRAIARAS
1970,IBIRAJUBA
1971,IBIRAMA
1972,IBIRAPITANGA
1973,"IBIRAPUITÃ"
1974,"IBIRAPUÃ"
1975,IBIRAREMA
1976,IBIRATAIA
1977,"IBIRAÇU"
1978,"IBIRITÉ"
1979,"IBIRUBÁ"
1980,"IBIRÁ"
1981,IBITIARA
1982,IBITINGA
1983,IBITIRAMA
1984,"IBITITÁ"
1985,"IBITIÚRA DE MINAS"
1986,IBITURUNA
1987,"IBIÁ"
1988,"IBIÚNA"
1989,IBOTIRAMA
1990,"ICAPUÍ"
1991,"ICARAÍ DE MINAS"
1992,"ICARAÍMA"
1993,ICATU
1994,ICHU
1995,ICONHA
1996,"ICÉM"
1997,"ICÓ"
1998,"IELMO MARINHO"
1999,"IEPÊ"
2000,IGACI
2001,"IGAPORÃ"
2002,IGARACY
2003,IGARAPAVA
2004,"IGARAPÉ"
2005,"IGARAPÉ DO MEIO"
2006,"IGARAPÉ GRANDE"
2007,"IGARAPÉ-AÇU"
2008,"IGARAPÉ-MIRI"
2009,IGARASSU
2010,IGARATINGA
2011,"IGARATÁ"
2012,"IGARAÇU DO TIETÊ"
2013,"IGRAPIÚNA"
2014,"IGREJA NOVA"
2015,IGREJINHA
2016,"IGUABA GRANDE"
2017,IGUAPE
2018,IGUARACY
2019,"IGUARAÇU"
2020,IGUATAMA
2021,IGUATEMI
2022,IGUATU
2023,"IGUAÍ"
2024,IJACI
2025,"IJUÍ"
2026,"ILHA COMPRIDA"
2027,"ILHA DAS FLORES"
2028,"ILHA GRANDE"
2029,"ILHA SOLTEIRA"
2030,ILHABELA
2031,ILHOTA
2032,"ILHÉUS"
2033,"ILICÍNEA"
2034,"ILÓPOLIS"
2035,IMACULADA
2036,"IMARUÍ"
2037,"IMBAÚ"
2038,IMBITUBA
2039,IMBITUVA
2040,IMBUIA
2041,"IMBÉ"
2042,"IMBÉ DE MINAS"
2043,IMIGRANTE
2044,IMPERATRIZ
2045,"INACIOLÂNDIA"
2046,"INAJÁ"
2047,INCONFIDENTES
2048,INDAIABIRA
2049,INDAIAL
2050,INDAIATUBA
2051,"INDEPENDÊNCIA"
2052,INDIANA
2053,"INDIANÓPOLIS"
2054,"INDIAPORÃ"
2055,INDIARA
2056,INDIAROBA
2057,"INDIAVAÍ"
2058,INGAZEIRA
2059,"INGAÍ"
2060,"INGÁ"
2061,"INHACORÁ"
2062,INHAMBUPE
2063,INHANGAPI
2064,INHAPI
2065,INHAPIM
2066,"INHAÚMA"
2067,INHUMA
2068,INHUMAS
2069,INIMUTABA
2070,"INOCÊNCIA"
2071,"INÁCIO MARTINS"
2072,"INÚBIA PAULISTA"
2073,"IOMERÊ"
2074,IPABA
2075,IPAMERI
2076,IPANEMA
2077,"IPANGUAÇU"
2078,IPAPORANGA
2079,IPATINGA
2080,IPAUMIRIM
2081,IPAUSSU
2082,"IPECAETÁ"
2083,"IPERÓ"
2084,"IPEÚNA"
2085,"IPIAÇU"
2086,"IPIAÚ"
2087,"IPIGUÁ"
2088,IPIRA
2089,IPIRANGA
2090,"IPIRANGA DE GOIÁS"
2091,"IPIRANGA DO NORTE"
2092,"IPIRANGA DO PIAUÍ"
2093,"IPIRANGA DO SUL"
2094,"IPIRÁ"
2095,IPIXUNA
2096,"IPIXUNA DO PARÁ"
2097,IPOJUCA
2098,IPORANGA
2099,"IPORÁ"
2100,"IPORÃ"
2101,"IPORÃ DO OESTE"
2102,IPU
2103,"IPUAÇU"
2104,IPUBI
2105,IPUEIRA
2106,IPUEIRAS
2107,"IPUIÚNA"
2108,IPUMIRIM
2109,IPUPIARA
2110,"IPUÃ"
2111,"IPÊ"
2112,IRACEMA
2113,"IRACEMA DO OESTE"
2114,IRACEMINHA
2115,"IRACEMÁPOLIS"
2116,IRAJUBA
2117,IRAMAIA
2118,IRANDUBA
2119,IRANI
2120,IRAPURU
2121,"IRAPUÃ"
2122,IRAQUARA
2123,"IRARÁ"
2124,IRATI
2125,"IRAUÇUBA"
2126,"IRAÍ"
2127,"IRAÍ DE MINAS"
2128,"IRECÊ"
2129,IRETAMA
2130,"IRINEÓPOLIS"
2131,IRITUIA
2132,IRUPI
2133,"ISAÍAS COELHO"
2134,"ISRAELÂNDIA"
2135,ITAARA
2136,ITABAIANA
2137,ITABAIANINHA
2138,ITABELA
2139,ITABERABA
2140,"ITABERAÍ"
2141,"ITABERÁ"
2142,ITABI
2143,ITABIRA
2144,ITABIRINHA
2145,ITABIRITO
2146,"ITABORAÍ"
2147,ITABUNA
2148,"ITACAJÁ"
2149,ITACAMBIRA
2150,ITACARAMBI
2151,"ITACARÉ"
2152,ITACOATIARA
2153,ITACURUBA
2154,ITACURUBI
2155,"ITAETÉ"
2156,ITAGI
2157,"ITAGIBÁ"
2158,ITAGIMIRIM
2159,"ITAGUAJÉ"
2160,ITAGUARA
2161,ITAGUARI
2162,ITAGUARU
2163,ITAGUATINS
2164,"ITAGUAÇU"
2165,"ITAGUAÇU DA BAHIA"
2166,"ITAGUAÍ"
2167,"ITAINÓPOLIS"
2168,"ITAIPAVA DO GRAJAÚ"
2169,"ITAIPULÂNDIA"
2170,"ITAIPÉ"
2171,ITAITINGA
2172,ITAITUBA
2173,"ITAIÇABA"
2174,"ITAIÓPOLIS"
2175,"ITAJAÍ"
2176,ITAJOBI
2177,ITAJU
2178,"ITAJU DO COLÔNIA"
2179,"ITAJUBÁ"
2180,"ITAJUÍPE"
2181,"ITAJÁ"
2182,ITALVA
2183,ITAMARAJU
2184,ITAMARANDIBA
2185,ITAMARATI
2186,"ITAMARATI DE MINAS"
2187,ITAMARI
2188,ITAMBACURI
2189,"ITAMBARACÁ"
2190,"ITAMBÉ"
2191,"ITAMBÉ DO MATO DENTRO"
2192,ITAMOGI
2193,ITAMONTE
2194,ITANAGRA
2195,ITANHANDU
2196,"ITANHANGÁ"
2197,"ITANHAÉM"
2198,ITANHOMI
2199,"ITANHÉM"
2200,ITAOBIM
2201,ITAOCA
2202,ITAOCARA
2203,ITAPACI
2204,ITAPAGIPE
2205,"ITAPAJÉ"
2206,ITAPARICA
2207,ITAPEBI
2208,ITAPECERICA
2209,"ITAPECERICA DA SERRA"
2210,"ITAPECURU MIRIM"
2211,"ITAPEJARA D'OESTE"
2212,ITAPEMA
2213,ITAPEMIRIM
2214,ITAPERUNA
2215,"ITAPERUÇU"
2216,ITAPETIM
2217,ITAPETINGA
2218,ITAPETININGA
2219,ITAPEVA
2220,ITAPEVI
2221,ITAPICURU
2222,ITAPIPOCA
2223,ITAPIRA
2224,ITAPIRANGA
2225,"ITAPIRAPUÃ"
2226,"ITAPIRAPUÃ PAULISTA"
2227,ITAPIRATINS
2228,ITAPISSUMA
2229,ITAPITANGA
2230,"ITAPIÚNA"
2231,ITAPORANGA
2232,"ITAPORANGA D'AJUDA"
2233,ITAPOROROCA
2234,"ITAPORÃ"
2235,"ITAPORÃ DO TOCANTINS"
2236,"ITAPOÁ"
2237,ITAPUCA
2238,ITAPURA
2239,ITAPURANGA
2240,"ITAPUÃ DO OESTE"
2241,"ITAPUÍ"
2242,"ITAPÉ"
2243,ITAQUAQUECETUBA
2244,ITAQUARA
2245,ITAQUI
2246,"ITAQUIRAÍ"
2247,ITAQUITINGA
2248,ITARANA
2249,ITARANTIM
2250,"ITARARÉ"
2251,ITAREMA
2252,ITARIRI
2253,"ITARUMÃ"
2254,ITATI
2255,ITATIAIA
2256,"ITATIAIUÇU"
2257,ITATIBA
2258,"ITATIBA DO SUL"
2259,ITATIM
2260,ITATINGA
2261,ITATIRA
2262,ITATUBA
2263,ITAUBAL
2264,ITAUEIRA
2265,"ITAUÇU"
2266,ITAVERAVA
2267,"ITAÍ"
2268,"ITAÍBA"
2269,"ITAÚ"
2270,"ITAÚ DE MINAS"
2271,"ITAÚBA"
2272,"ITAÚNA"
2273,"ITAÚNA DO SUL"
2274,ITINGA
2275,"ITINGA DO MARANHÃO"
2276,ITIQUIRA
2277,ITIRAPINA
2278,"ITIRAPUÃ"
2279,"ITIRUÇU"
2280,"ITIÚBA"
2281,ITOBI
2282,"ITORORÓ"
2283,ITU
2284,"ITUAÇU"
2285,"ITUBERÁ"
2286,ITUETA
2287,ITUIUTABA
2288,ITUMBIARA
2289,ITUMIRIM
2290,ITUPEVA
2291,ITUPIRANGA
2292,ITUPORANGA
2293,ITURAMA
2294,ITUTINGA
2295,ITUVERAVA
2296,"ITÁ"
2297,"ITÁPOLIS"
2298,IUIU
2299,"IVAIPORÃ"
2300,IVATUBA
2301,"IVATÉ"
2302,"IVAÍ"
2303,IVINHEMA
2304,"IVOLÂNDIA"
2305,"IVORÁ"
2306,IVOTI
2307,"IÇARA"
2308,"IÚNA"
2309,"JABOATÃO DOS GUARARAPES"
2310,JABORANDI
2311,"JABORÁ"
2312,JABOTI
2313,JABOTICABA
2314,JABOTICABAL
2315,JABOTICATUBAS
2316,JACARACI
2317,"JACARAÚ"
2318,JACAREACANGA
2319,JACAREZINHO
2320,"JACAREÍ"
2321,"JACARÉ DOS HOMENS"
2322,JACI
2323,JACIARA
2324,JACINTO
2325,"JACINTO MACHADO"
2326,JACOBINA
2327,"JACOBINA DO PIAUÍ"
2328,JACUIZINHO
2329,"JACUNDÁ"
2330,JACUPIRANGA
2331,JACUTINGA
2332,"JACUÍ"
2333,"JACUÍPE"
2334,"JAGUAPITÃ"
2335,JAGUAQUARA
2336,JAGUARARI
2337,"JAGUARAÇU"
2338,JAGUARETAMA
2339,JAGUARI
2340,"JAGUARIAÍVA"
2341,JAGUARIBARA
2342,JAGUARIBE
2343,JAGUARIPE
2344,"JAGUARIÚNA"
2345,JAGUARUANA
2346,JAGUARUNA
2347,"JAGUARÃO"
2348,"JAGUARÉ"
2349,"JAICÓS"
2350,JALES
2351,JAMBEIRO
2352,JAMPRUCA
2353,"JANAÚBA"
2354,JANDAIA
2355,"JANDAIA DO SUL"
2356,"JANDAÍRA"
2357,JANDIRA
2358,"JANDUÍS"
2359,JANGADA
2360,"JANIÓPOLIS"
2361,"JANUÁRIA"
2362,"JANUÁRIO CICCO"
2363,JAPARATINGA
2364,JAPARATUBA
2365,"JAPARAÍBA"
2366,JAPERI
2367,JAPI
2368,JAPIRA
2369,"JAPOATÃ"
2370,JAPONVAR
2371,"JAPORÃ"
2372,"JAPURÁ"
2373,JAQUEIRA
2374,JAQUIRANA
2375,JARAGUARI
2376,"JARAGUÁ"
2377,"JARAGUÁ DO SUL"
2378,JARAMATAIA
2379,JARDIM
2380,"JARDIM ALEGRE"
2381,"JARDIM DE ANGICOS"
2382,"JARDIM DE PIRANHAS"
2383,"JARDIM DO MULATO"
2384,"JARDIM DO SERIDÓ"
2385,"JARDIM OLINDA"
2386,"JARDINÓPOLIS"
2387,JARI
2388,JARINU
2389,JARU
2390,JATAIZINHO
2391,"JATAÍ"
2392,"JATAÚBA"
2393,"JATEÍ"
2394,JATI
2395,"JATOBÁ"
2396,"JATOBÁ DO PIAUÍ"
2397,JAUPACI
2398,JAURU
2399,"JAÇANÃ"
2400,"JAÍBA"
2401,"JAÚ"
2402,"JAÚ DO TOCANTINS"
2403,JECEABA
2404,"JENIPAPO DE MINAS"
2405,"JENIPAPO DOS VIEIRAS"
2406,JEQUERI
2407,"JEQUITAÍ"
2408,"JEQUITIBÁ"
2409,JEQUITINHONHA
2410,"JEQUIÁ DA PRAIA"
2411,"JEQUIÉ"
2412,JEREMOABO
2413,"JERICÓ"
2414,JERIQUARA
2415,JERUMENHA
2416,"JERÔNIMO MONTEIRO"
2417,"JESUÂNIA"
2418,"JESUÍTAS"
2419,"JESÚPOLIS"
2420,"JI-PARANÁ"
2421,"JIJOCA DE JERICOACOARA"
2422,"JIQUIRIÇÁ"
2423,"JITAÚNA"
2424,"JOANÉSIA"
2425,"JOANÓPOLIS"
2426,"JOAQUIM FELÍCIO"
2427,"JOAQUIM GOMES"
2428,"JOAQUIM NABUCO"
2429,"JOAQUIM PIRES"
2430,"JOAQUIM TÁVORA"
2431,"JOAÇABA"
2432,"JOAÍMA"
2433,"JOCA CLAUDINO"
2434,"JOCA MARQUES"
2435,JOINVILLE
2436,"JORDÂNIA"
2437,"JORDÃO"
2438,"JOSELÂNDIA"
2439,"JOSENÓPOLIS"
2440,"JOSÉ BOITEUX"
2441,"JOSÉ BONIFÁCIO"
2442,"JOSÉ DA PENHA"
2443,"JOSÉ DE FREITAS"
2444,"JOSÉ GONÇALVES DE MINAS"
2445,"JOSÉ RAYDAN"
2446,"JOVIÂNIA"
2447,"JOÃO ALFREDO"
2448,"JOÃO COSTA"
2449,"JOÃO CÂMARA"
2450,"JOÃO DIAS"
2451,"JOÃO DOURADO"
2452,"JOÃO LISBOA"
2453,"JOÃO MONLEVADE"
2454,"JOÃO NEIVA"
2455,"JOÃO PESSOA"
2456,"JOÃO PINHEIRO"
2457,"JOÃO RAMALHO"
2458,JUARA
2459,"JUAREZ TÁVORA"
2460,JUARINA
2461,JUATUBA
2462,JUAZEIRINHO
2463,JUAZEIRO
2464,"JUAZEIRO DO NORTE"
2465,"JUAZEIRO DO PIAUÍ"
2466,JUCATI
2467,JUCURUTU
2468,"JUCURUÇU"
2469,"JUCÁS"
2470,"JUIZ DE FORA"
2471,JUMIRIM
2472,"JUNCO DO MARANHÃO"
2473,"JUNCO DO SERIDÓ"
2474,"JUNDIAÍ"
2475,"JUNDIAÍ DO SUL"
2476,"JUNDIÁ"
2477,JUNQUEIRO
2478,"JUNQUEIRÓPOLIS"
2479,"JUPIÁ"
2480,JUQUITIBA
2481,"JUQUIÁ"
2482,JURAMENTO
2483,JURANDA
2484,JUREMA
2485,JURIPIRANGA
2486,JURU
2487,JURUAIA
2488,JURUENA
2489,JURUTI
2490,"JURUÁ"
2491,JUSCIMEIRA
2492,JUSSARA
2493,JUSSARI
2494,JUSSIAPE
2495,"JUTAÍ"
2496,JUTI
2497,"JUVENÍLIA"
2498,"JUÍNA"
2499,"JÓIA"
2500,"JÚLIO BORGES"
2501,"JÚLIO DE CASTILHOS"
2502,"JÚLIO MESQUITA"
2503,"KALORÉ"
2504,"LACERDÓPOLIS"
2505,LADAINHA
2506,"LADÁRIO"
2507,"LAFAIETE COUTINHO"
2508,LAGAMAR
2509,LAGARTO
2510,LAGES
2511,"LAGO DA PEDRA"
2512,"LAGO DO JUNCO"
2513,"LAGO DOS RODRIGUES"
2514,"LAGO VERDE"
2515,LAGOA
2516,"LAGOA ALEGRE"
2517,"LAGOA BONITA DO SUL"
2518,"LAGOA D'ANTA"
2519,"LAGOA DA CANOA"
2520,"LAGOA DA CONFUSÃO"
2521,"LAGOA DA PRATA"
2522,"LAGOA DE DENTRO"
2523,"LAGOA DE ITAENGA"
2524,"LAGOA DE PEDRAS"
2525,"LAGOA DE SÃO FRANCISCO"
2526,"LAGOA DE VELHOS"
2527,"LAGOA DO BARRO DO PIAUÍ"
2528,"LAGOA DO CARRO"
2529,"LAGOA DO MATO"
2530,"LAGOA DO OURO"
2531,"LAGOA DO PIAUÍ"
2532,"LAGOA DO SÍTIO"
2533,"LAGOA DO TOCANTINS"
2534,"LAGOA DOS GATOS"
2535,"LAGOA DOS PATOS"
2536,"LAGOA DOURADA"
2537,"LAGOA FORMOSA"
2538,"LAGOA GRANDE"
2539,"LAGOA GRANDE DO MARANHÃO"
2540,"LAGOA NOVA"
2541,"LAGOA REAL"
2542,"LAGOA SALGADA"
2543,"LAGOA SANTA"
2544,"LAGOA SECA"
2545,"LAGOA VERMELHA"
2546,LAGOINHA
2547,"LAGOINHA DO PIAUÍ"
2548,"LAGOÃO"
2549,LAGUNA
2550,"LAGUNA CARAPÃ"
2551,LAJE
2552,"LAJE DO MURIAÉ"
2553,LAJEADO
2554,"LAJEADO DO BUGRE"
2555,"LAJEADO GRANDE"
2556,"LAJEADO NOVO"
2557,LAJEDINHO
2558,LAJEDO
2559,"LAJEDO DO TABOCAL"
2560,"LAJEDÃO"
2561,LAJES
2562,"LAJES PINTADAS"
2563,LAJINHA
2564,"LAMARÃO"
2565,LAMBARI
2566,"LAMBARI D'OESTE"
2567,LAMIM
2568,"LANDRI SALES"
2569,LAPA
2570,"LAPÃO"
2571,"LARANJA DA TERRA"
2572,LARANJAL
2573,"LARANJAL DO JARI"
2574,"LARANJAL PAULISTA"
2575,LARANJEIRAS
2576,"LARANJEIRAS DO SUL"
2577,LASSANCE
2578,LASTRO
2579,LAURENTINO
2580,"LAURO DE FREITAS"
2581,"LAURO MÜLLER"
2582,LAVANDEIRA
2583,LAVRAS
2584,"LAVRAS DA MANGABEIRA"
2585,"LAVRAS DO SUL"
2586,LAVRINHAS
2587,"LAVÍNIA"
2588,"LEANDRO FERREIRA"
2589,"LEBON RÉGIS"
2590,LEME
2591,"LEME DO PRADO"
2592,"LENÇÓIS"
2593,"LENÇÓIS PAULISTA"
2594,"LEOBERTO LEAL"
2595,LEOPOLDINA
2596,"LEOPOLDO DE BULHÕES"
2597,"LEÓPOLIS"
2598,"LIBERATO SALZANO"
2599,LIBERDADE
2600,"LICÍNIO DE ALMEIDA"
2601,"LIDIANÓPOLIS"
2602,"LIMA CAMPOS"
2603,"LIMA DUARTE"
2604,LIMEIRA
2605,"LIMEIRA DO OESTE"
2606,LIMOEIRO
2607,"LIMOEIRO DE ANADIA"
2608,"LIMOEIRO DO AJURU"
2609,"LIMOEIRO DO NORTE"
2610,LINDOESTE
2611,"LINDOLFO COLLOR"
2612,"LINDÓIA"
2613,"LINDÓIA DO SUL"
2614,"LINHA NOVA"
2615,LINHARES
2616,LINS
2617,LIVRAMENTO
2618,"LIVRAMENTO DE NOSSA SENHORA"
2619,LIZARDA
2620,LOANDA
2621,LOBATO
2622,LOGRADOURO
2623,LONDRINA
2624,LONTRA
2625,LONTRAS
2626,LORENA
2627,LORETO
2628,LOURDES
2629,LOUVEIRA
2630,"LUCAS DO RIO VERDE"
2631,LUCENA
2632,"LUCIANÓPOLIS"
2633,LUCIARA
2634,"LUCRÉCIA"
2635,"LUCÉLIA"
2636,LUISBURGO
2637,"LUISLÂNDIA"
2638,"LUIZ ALVES"
2639,LUIZIANA
2640,"LUIZIÂNIA"
2641,"LUMINÁRIAS"
2642,LUNARDELLI
2643,"LUPIONÓPOLIS"
2644,"LUPÉRCIO"
2645,"LUTÉCIA"
2646,LUZ
2647,LUZERNA
2648,"LUZILÂNDIA"
2649,"LUZINÓPOLIS"
2650,"LUZIÂNIA"
2651,"LUÍS ANTÔNIO"
2652,"LUÍS CORREIA"
2653,"LUÍS DOMINGUES"
2654,"LUÍS EDUARDO MAGALHÃES"
2655,"LUÍS GOMES"
2656,"LÁBREA"
2657,MACAJUBA
2658,MACAMBIRA
2659,MACAPARANA
2660,"MACAPÁ"
2661,MACARANI
2662,MACATUBA
2663,MACAU
2664,MACAUBAL
2665,"MACAÉ"
2666,"MACAÍBA"
2667,"MACAÚBAS"
2668,"MACEDÔNIA"
2669,"MACEIÓ"
2670,MACHACALIS
2671,MACHADINHO
2672,"MACHADINHO D'OESTE"
2673,MACHADO
2674,MACHADOS
2675,MACIEIRA
2676,MACUCO
2677,"MACURURÉ"
2678,MADALENA
2679,MADEIRO
2680,"MADRE DE DEUS DE MINAS"
2681,MAETINGA
2682,MAFRA
2683,"MAGALHÃES BARATA"
2684,"MAGALHÃES DE ALMEIDA"
2685,MAGDA
2686,"MAGÉ"
2687,MAIQUINIQUE
2688,MAIRI
2689,MAIRINQUE
2690,"MAIRIPORÃ"
2691,MAIRIPOTABA
2692,"MAJOR GERCINO"
2693,"MAJOR ISIDORO"
2694,"MAJOR SALES"
2695,"MAJOR VIEIRA"
2696,MALACACHETA
2697,MALHADA
2698,"MALHADA DE PEDRAS"
2699,"MALHADA DOS BOIS"
2700,MALHADOR
2701,MALLET
2702,MALTA
2703,MAMANGUAPE
2704,"MAMBAÍ"
2705,"MAMBORÊ"
2706,MAMONAS
2707,MAMPITUBA
2708,MANACAPURU
2709,MANAQUIRI
2710,MANARI
2711,MANAUS
2712,"MANAÍRA"
2713,MANDAGUARI
2714,"MANDAGUAÇU"
2715,MANDIRITUBA
2716,MANDURI
2717,"MANFRINÓPOLIS"
2718,MANGA
2719,MANGARATIBA
2720,MANGUEIRINHA
2721,"MANHUAÇU"
2722,MANHUMIRIM
2723,"MANICORÉ"
2724,"MANOEL EMÍDIO"
2725,"MANOEL RIBAS"
2726,"MANOEL URBANO"
2727,"MANOEL VIANA"
2728,"MANOEL VITORINO"
2729,"MANSIDÃO"
2730,MANTENA
2731,"MANTENÓPOLIS"
2732,"MAQUINÉ"
2733,"MAR DE ESPANHA"
2734,"MAR VERMELHO"
2735,"MARA ROSA"
2736,"MARABÁ"
2737,"MARABÁ PAULISTA"
2738,MARACAJU
2739,"MARACAJÁ"
2740,"MARACANAÚ"
2741,"MARACANÃ"
2742,"MARACAÇUMÉ"
2743,"MARACAÍ"
2744,"MARACÁS"
2745,MARAGOGI
2746,MARAGOGIPE
2747,MARAIAL
2748,"MARAJÁ DO SENA"
2749,MARANGUAPE
2750,"MARANHÃOZINHO"
2751,MARAPANIM
2752,MARAPOAMA
2753,"MARATAÍZES"
2754,"MARATÁ"
2755,MARAU
2756,MARAVILHA
2757,MARAVILHAS
2758,"MARAÃ"
2759,"MARAÚ"
2760,"MARCAÇÃO"
2761,"MARCELINO RAMOS"
2762,"MARCELINO VIEIRA"
2763,"MARCELÂNDIA"
2764,"MARCIONÍLIO SOUZA"
2765,MARCO
2766,"MARCOLÂNDIA"
2767,"MARCOS PARENTE"
2768,"MARECHAL CÂNDIDO RONDON"
2769,"MARECHAL DEODORO"
2770,"MARECHAL FLORIANO"
2771,"MARECHAL THAUMATURGO"
2772,MAREMA
2773,MARI
2774,"MARIA DA FÉ"
2775,"MARIA HELENA"
2776,MARIALVA
2777,MARIANA
2778,"MARIANA PIMENTEL"
2779,"MARIANO MORO"
2780,"MARIANÓPOLIS DO TOCANTINS"
2781,MARIBONDO
2782,"MARICÁ"
2783,MARILAC
2784,MARILENA
2785,MARILUZ
2786,"MARILÂNDIA"
2787,"MARILÂNDIA DO SUL"
2788,"MARINGÁ"
2789,"MARINÓPOLIS"
2790,"MARIPÁ"
2791,"MARIPÁ DE MINAS"
2792,MARITUBA
2793,"MARIZÓPOLIS"
2794,"MARIÁPOLIS"
2795,"MARIÓPOLIS"
2796,"MARLIÉRIA"
2797,MARMELEIRO
2798,"MARMELÓPOLIS"
2799,"MARQUES DE SOUZA"
2800,MARQUINHO
2801,"MARTINHO CAMPOS"
2802,MARTINS
2803,"MARTINS SOARES"
2804,"MARTINÓPOLE"
2805,"MARTINÓPOLIS"
2806,MARUIM
2807,MARUMBI
2808,"MARZAGÃO"
2809,"MARÍLIA"
2810,MASCOTE
2811,"MASSAPÊ"
2812,"MASSAPÊ DO PIAUÍ"
2813,MASSARANDUBA
2814,MATA
2815,"MATA DE SÃO JOÃO"
2816,"MATA GRANDE"
2817,"MATA ROMA"
2818,"MATA VERDE"
2819,MATARACA
2820,MATEIROS
2821,"MATELÂNDIA"
2822,"MATERLÂNDIA"
2823,"MATEUS LEME"
2824,"MATHIAS LOBATO"
2825,"MATIAS BARBOSA"
2826,"MATIAS CARDOSO"
2827,"MATIAS OLÍMPIO"
2828,MATINA
2829,MATINHA
2830,MATINHAS
2831,"MATIPÓ"
2832,"MATO CASTELHANO"
2833,"MATO GROSSO"
2834,"MATO QUEIMADO"
2835,"MATO RICO"
2836,"MATO VERDE"
2837,"MATOS COSTA"
2838,MATOZINHOS
2839,"MATRINCHÃ"
2840,"MATRIZ DE CAMARAGIBE"
2841,"MATUPÁ"
2842,"MATURÉIA"
2843,MATUTINA
2844,"MATÃO"
2845,"MATÕES"
2846,"MATÕES DO NORTE"
2847,"MAURILÂNDIA"
2848,"MAURILÂNDIA DO TOCANTINS"
2849,MAURITI
2850,"MAUÁ"
2851,"MAUÁ DA SERRA"
2852,"MAUÉS"
2853,MAXARANGUAPE
2854,"MAXIMILIANO DE ALMEIDA"
2855,"MAZAGÃO"
2856,"MAÇAMBARÁ"
2857,MEDEIROS
2858,"MEDEIROS NETO"
2859,MEDIANEIRA
2860,"MEDICILÂNDIA"
2861,MEDINA
2862,MELEIRO
2863,"MELGAÇO"
2864,MENDES
2865,"MENDES PIMENTEL"
2866,"MENDONÇA"
2867,MERCEDES
2868,"MERCÊS"
2869,MERIDIANO
2870,MERUOCA
2871,MESQUITA
2872,MESSIAS
2873,"MESSIAS TARGINO"
2874,"MESÓPOLIS"
2875,"MIGUEL ALVES"
2876,"MIGUEL CALMON"
2877,"MIGUEL LEÃO"
2878,"MIGUEL PEREIRA"
2879,"MIGUELÓPOLIS"
2880,MILAGRES
2881,"MILAGRES DO MARANHÃO"
2882,"MILHÃ"
2883,"MILTON BRANDÃO"
2884,"MIMOSO DE GOIÁS"
2885,"MIMOSO DO SUL"
2886,"MINADOR DO NEGRÃO"
2887,"MINAS DO LEÃO"
2888,"MINAS NOVAS"
2889,"MINAÇU"
2890,MINDURI
2891,MINEIROS
2892,"MINEIROS DO TIETÊ"
2893,"MINISTRO ANDREAZZA"
2894,"MIRA ESTRELA"
2895,MIRABELA
2896,MIRACATU
2897,MIRACEMA
2898,"MIRACEMA DO TOCANTINS"
2899,MIRADOR
2900,MIRADOURO
2901,"MIRAGUAÍ"
2902,MIRANDA
2903,"MIRANDA DO NORTE"
2904,MIRANDIBA
2905,"MIRANDÓPOLIS"
2906,MIRANGABA
2907,MIRANORTE
2908,MIRANTE
2909,"MIRANTE DA SERRA"
2910,"MIRANTE DO PARANAPANEMA"
2911,MIRASELVA
2912,MIRASSOL
2913,"MIRASSOL D'OESTE"
2914,"MIRASSOLÂNDIA"
2915,"MIRAVÂNIA"
2916,"MIRAÍ"
2917,"MIRAÍMA"
2918,"MIRIM DOCE"
2919,MIRINZAL
2920,MISSAL
2921,"MISSÃO VELHA"
2922,MOCAJUBA
2923,MOCOCA
2924,MODELO
2925,MOEDA
2926,MOEMA
2927,MOGEIRO
2928,"MOGI DAS CRUZES"
2929,"MOGI GUAÇU"
2930,"MOGI MIRIM"
2931,"MOIPORÁ"
2932,"MOITA BONITA"
2933,MOJU
2934,"MOJUÍ DOS CAMPOS"
2935,"MOMBAÇA"
2936,MOMBUCA
2937,"MONDAÍ"
2938,"MONGAGUÁ"
2939,MONJOLOS
2940,"MONSENHOR GIL"
2941,"MONSENHOR HIPÓLITO"
2942,"MONSENHOR PAULO"
2943,"MONSENHOR TABOSA"
2944,"MONTALVÂNIA"
2945,MONTANHA
2946,MONTANHAS
2947,MONTAURI
2948,"MONTE ALEGRE"
2949,"MONTE ALEGRE DE GOIÁS"
2950,"MONTE ALEGRE DE MINAS"
2951,"MONTE ALEGRE DE SERGIPE"
2952,"MONTE ALEGRE DO PIAUÍ"
2953,"MONTE ALEGRE DO SUL"
2954,"MONTE ALEGRE DOS CAMPOS"
2955,"MONTE ALTO"
2956,"MONTE APRAZÍVEL"
2957,"MONTE AZUL"
2958,"MONTE AZUL PAULISTA"
2959,"MONTE BELO"
2960,"MONTE BELO DO SUL"
2961,"MONTE CARLO"
2962,"MONTE CARMELO"
2963,"MONTE CASTELO"
2964,"MONTE DAS GAMELEIRAS"
2965,"MONTE DO CARMO"
2966,"MONTE FORMOSO"
2967,"MONTE HOREBE"
2968,"MONTE MOR"
2969,"MONTE NEGRO"
2970,"MONTE SANTO"
2971,"MONTE SANTO DE MINAS"
2972,"MONTE SANTO DO TOCANTINS"
2973,"MONTE SIÃO"
2974,MONTEIRO
2975,"MONTEIRO LOBATO"
2976,"MONTEIRÓPOLIS"
2977,MONTENEGRO
2978,"MONTES ALTOS"
2979,"MONTES CLAROS"
2980,"MONTES CLAROS DE GOIÁS"
2981,MONTEZUMA
2982,MONTIVIDIU
2983,"MONTIVIDIU DO NORTE"
2984,"MONÇÃO"
2985,"MONÇÕES"
2986,"MORADA NOVA"
2987,"MORADA NOVA DE MINAS"
2988,"MORAÚJO"
2989,"MOREILÂNDIA"
2990,"MOREIRA SALES"
2991,MORENO
2992,"MORMAÇO"
2993,"MORPARÁ"
2994,MORRETES
2995,MORRINHOS
2996,"MORRINHOS DO SUL"
2997,"MORRO AGUDO"
2998,"MORRO AGUDO DE GOIÁS"
2999,"MORRO CABEÇA NO TEMPO"
3000,"MORRO DA FUMAÇA"
3001,"MORRO DA GARÇA"
3002,"MORRO DO CHAPÉU"
3003,"MORRO DO CHAPÉU DO PIAUÍ"
3004,"MORRO DO PILAR"
3005,"MORRO GRANDE"
3006,"MORRO REDONDO"
3007,"MORRO REUTER"
3008,MORROS
3009,MORTUGABA
3010,MORUNGABA
3011,"MOSSORÓ"
3012,"MOSSÂMEDES"
3013,MOSTARDAS
3014,MOTUCA
3015,"MOZARLÂNDIA"
3016,"MUANÁ"
3017,"MUCAJAÍ"
3018,MUCAMBO
3019,"MUCUGÊ"
3020,MUCURI
3021,MUCURICI
3022,"MUITOS CAPÕES"
3023,MULITERNO
3024,MULUNGU
3025,"MULUNGU DO MORRO"
3026,"MUNDO NOVO"
3027,MUNHOZ
3028,"MUNHOZ DE MELO"
3029,"MUNIZ FERREIRA"
3030,"MUNIZ FREIRE"
3031,MUQUI
3032,"MUQUÉM DO SÃO FRANCISCO"
3033,"MURIAÉ"
3034,MURIBECA
3035,MURICI
3036,"MURICI DOS PORTELAS"
3037,"MURICILÂNDIA"
3038,MURITIBA
3039,"MURUTINGA DO SUL"
3040,MUTUM
3041,"MUTUNÓPOLIS"
3042,"MUTUÍPE"
3043,MUZAMBINHO
3044,"MUÇUM"
3045,"MÁRIO CAMPOS"
3046,"MÂNCIO LIMA"
3047,"MÃE D'ÁGUA"
3048,"MÃE DO RIO"
3049,"NACIP RAYDAN"
3050,NANTES
3051,NANUQUE
3052,NAQUE
3053,NARANDIBA
3054,NATAL
3055,"NATALÂNDIA"
3056,NATIVIDADE
3057,"NATIVIDADE DA SERRA"
3058,NATUBA
3059,"NATÉRCIA"
3060,NAVEGANTES
3061,"NAVIRAÍ"
3062,NAZARENO
3063,NAZAREZINHO
3064,"NAZARÉ"
3065,"NAZARÉ DA MATA"
3066,"NAZARÉ DO PIAUÍ"
3067,"NAZARÉ PAULISTA"
3068,"NAZÁRIA"
3069,"NAZÁRIO"
3070,NEPOMUCENO
3071,"NERÓPOLIS"
3072,"NEVES PAULISTA"
3073,"NEÓPOLIS"
3074,"NHAMUNDÁ"
3075,NHANDEARA
3076,"NICOLAU VERGUEIRO"
3077,"NILO PEÇANHA"
3078,"NILÓPOLIS"
3079,"NINA RODRIGUES"
3080,NINHEIRA
3081,NIOAQUE
3082,"NIPOÃ"
3083,"NIQUELÂNDIA"
3084,"NITERÓI"
3085,NOBRES
3086,NONOAI
3087,NORDESTINA
3088,NORMANDIA
3089,"NORTELÂNDIA"
3090,"NOSSA SENHORA APARECIDA"
3091,"NOSSA SENHORA DA GLÓRIA"
3092,"NOSSA SENHORA DAS DORES"
3093,"NOSSA SENHORA DAS GRAÇAS"
3094,"NOSSA SENHORA DE LOURDES"
3095,"NOSSA SENHORA DE NAZARÉ"
3096,"NOSSA SENHORA DO LIVRAMENTO"
3097,"NOSSA SENHORA DO SOCORRO"
3098,"NOSSA SENHORA DOS REMÉDIOS"
3099,"NOVA ALIANÇA"
3100,"NOVA ALIANÇA DO IVAÍ"
3101,"NOVA ALVORADA"
3102,"NOVA ALVORADA DO SUL"
3103,"NOVA AMÉRICA"
3104,"NOVA AMÉRICA DA COLINA"
3105,"NOVA ANDRADINA"
3106,"NOVA ARAÇÁ"
3107,"NOVA AURORA"
3108,"NOVA BANDEIRANTES"
3109,"NOVA BASSANO"
3110,"NOVA BELÉM"
3111,"NOVA BOA VISTA"
3112,"NOVA BRASILÂNDIA"
3113,"NOVA BRASILÂNDIA D'OESTE"
3114,"NOVA BRÉSCIA"
3115,"NOVA CAMPINA"
3116,"NOVA CANAÃ"
3117,"NOVA CANAÃ DO NORTE"
3118,"NOVA CANAÃ PAULISTA"
3119,"NOVA CANTU"
3120,"NOVA CASTILHO"
3121,"NOVA COLINAS"
3122,"NOVA CRIXÁS"
3123,"NOVA CRUZ"
3124,"NOVA ERA"
3125,"NOVA ERECHIM"
3126,"NOVA ESPERANÇA"
3127,"NOVA ESPERANÇA DO PIRIÁ"
3128,"NOVA ESPERANÇA DO SUDOESTE"
3129,"NOVA ESPERANÇA DO SUL"
3130,"NOVA EUROPA"
3131,"NOVA FLORESTA"
3132,"NOVA FRIBURGO"
3133,"NOVA FÁTIMA"
3134,"NOVA GLÓRIA"
3135,"NOVA GRANADA"
3136,"NOVA GUARITA"
3137,"NOVA GUATAPORANGA"
3138,"NOVA HARTZ"
3139,"NOVA IBIÁ"
3140,"NOVA IGUAÇU"
3141,"NOVA IGUAÇU DE GOIÁS"
3142,"NOVA INDEPENDÊNCIA"
3143,"NOVA IORQUE"
3144,"NOVA IPIXUNA"
3145,"NOVA ITABERABA"
3146,"NOVA ITARANA"
3147,"NOVA LACERDA"
3148,"NOVA LARANJEIRAS"
3149,"NOVA LIMA"
3150,"NOVA LONDRINA"
3151,"NOVA LUZITÂNIA"
3152,"NOVA MAMORÉ"
3153,"NOVA MARILÂNDIA"
3154,"NOVA MARINGÁ"
3155,"NOVA MONTE VERDE"
3156,"NOVA MUTUM"
3157,"NOVA MÓDICA"
3158,"NOVA NAZARÉ"
3159,"NOVA ODESSA"
3160,"NOVA OLINDA"
3161,"NOVA OLINDA DO MARANHÃO"
3162,"NOVA OLINDA DO NORTE"
3163,"NOVA OLÍMPIA"
3164,"NOVA PALMA"
3165,"NOVA PETRÓPOLIS"
3166,"NOVA PONTE"
3167,"NOVA PORTEIRINHA"
3168,"NOVA PRATA"
3169,"NOVA PRATA DO IGUAÇU"
3170,"NOVA PÁDUA"
3171,"NOVA RAMADA"
3172,"NOVA REDENÇÃO"
3173,"NOVA RESENDE"
3174,"NOVA ROMA"
3175,"NOVA ROMA DO SUL"
3176,"NOVA ROSALÂNDIA"
3177,"NOVA RUSSAS"
3178,"NOVA SANTA BÁRBARA"
3179,"NOVA SANTA HELENA"
3180,"NOVA SANTA RITA"
3181,"NOVA SANTA ROSA"
3182,"NOVA SERRANA"
3183,"NOVA SOURE"
3184,"NOVA TEBAS"
3185,"NOVA TIMBOTEUA"
3186,"NOVA TRENTO"
3187,"NOVA UBIRATÃ"
3188,"NOVA UNIÃO"
3189,"NOVA VENEZA"
3190,"NOVA VENÉCIA"
3191,"NOVA VIÇOSA"
3192,"NOVA XAVANTINA"
3193,NOVAIS
3194,"NOVO ACORDO"
3195,"NOVO AIRÃO"
3196,"NOVO ALEGRE"
3197,"NOVO ARIPUANÃ"
3198,"NOVO BARREIRO"
3199,"NOVO BRASIL"
3200,"NOVO CABRAIS"
3201,"NOVO CRUZEIRO"
3202,"NOVO GAMA"
3203,"NOVO HAMBURGO"
3204,"NOVO HORIZONTE"
3205,"NOVO HORIZONTE DO NORTE"
3206,"NOVO HORIZONTE DO OESTE"
3207,"NOVO HORIZONTE DO SUL"
3208,"NOVO ITACOLOMI"
3209,"NOVO JARDIM"
3210,"NOVO LINO"
3211,"NOVO MACHADO"
3212,"NOVO MUNDO"
3213,"NOVO ORIENTE"
3214,"NOVO ORIENTE DE MINAS"
3215,"NOVO ORIENTE DO PIAUÍ"
3216,"NOVO PLANALTO"
3217,"NOVO PROGRESSO"
3218,"NOVO REPARTIMENTO"
3219,"NOVO SANTO ANTÔNIO"
3220,"NOVO SÃO JOAQUIM"
3221,"NOVO TIRADENTES"
3222,"NOVO TRIUNFO"
3223,"NOVO XINGU"
3224,NOVORIZONTE
3225,NUPORANGA
3226,"NÃO-ME-TOQUE"
3227,"NÍSIA FLORESTA"
3228,OCARA
3229,"OCAUÇU"
3230,OEIRAS
3231,"OEIRAS DO PARÁ"
3232,OIAPOQUE
3233,OLARIA
3234,"OLHO D'ÁGUA"
3235,"OLHO D'ÁGUA DAS CUNHÃS"
3236,"OLHO D'ÁGUA DAS FLORES"
3237,"OLHO D'ÁGUA DO BORGES"
3238,"OLHO D'ÁGUA DO CASADO"
3239,"OLHO D'ÁGUA DO PIAUÍ"
3240,"OLHO D'ÁGUA GRANDE"
3241,"OLHOS-D'ÁGUA"
3242,"OLINDA NOVA DO MARANHÃO"
3243,OLINDINA
3244,OLIVEDOS
3245,OLIVEIRA
3246,"OLIVEIRA DE FÁTIMA"
3247,"OLIVEIRA DOS BREJINHOS"
3248,"OLIVEIRA FORTES"
3249,"OLIVENÇA"
3250,"OLÍMPIA"
3251,"OLÍMPIO NORONHA"
3252,"ONDA VERDE"
3253,"ONÇA DE PITANGUI"
3254,"ORATÓRIOS"
3255,ORIENTE
3256,"ORINDIÚVA"
3257,"ORIXIMINÁ"
3258,ORIZONA
3259,"ORIZÂNIA"
3260,ORLEANS
3261,"ORLÂNDIA"
3262,"OROBÓ"
3263,"OROCÓ"
3264,ORTIGUEIRA
3265,"ORÓS"
3266,"OSCAR BRESSANE"
3267,"OSVALDO CRUZ"
3268,"OSÓRIO"
3269,"OTACÍLIO COSTA"
3270,OURICURI
3271,"OURILÂNDIA DO NORTE"
3272,OURINHOS
3273,OURIZONA
3274,"OURIÇANGAS"
3275,OURO
3276,"OURO BRANCO"
3277,"OURO FINO"
3278,"OURO PRETO"
3279,"OURO PRETO DO OESTE"
3280,"OURO VELHO"
3281,"OURO VERDE"
3282,"OURO VERDE DE GOIÁS"
3283,"OURO VERDE DE MINAS"
3284,"OURO VERDE DO OESTE"
3285,OUROESTE
3286,"OUROLÂNDIA"
3287,"OURÉM"
3288,OUVIDOR
3289,PACAEMBU
3290,PACAJUS
3291,"PACAJÁ"
3292,PACARAIMA
3293,PACATUBA
3294,PACOTI
3295,"PACUJÁ"
3296,"PADRE BERNARDO"
3297,"PADRE CARVALHO"
3298,"PADRE MARCOS"
3299,"PADRE PARAÍSO"
3300,"PAES LANDIM"
3301,"PAI PEDRO"
3302,PAIAL
3303,"PAIM FILHO"
3304,PAINEIRAS
3305,PAINEL
3306,PAINS
3307,PAIVA
3308,"PAIÇANDU"
3309,"PAJEÚ DO PIAUÍ"
3310,PALESTINA
3311,"PALESTINA DE GOIÁS"
3312,"PALESTINA DO PARÁ"
3313,PALHANO
3314,"PALHOÇA"
3315,PALMA
3316,"PALMA SOLA"
3317,PALMARES
3318,"PALMARES DO SUL"
3319,"PALMARES PAULISTA"
3320,PALMAS
3321,"PALMAS DE MONTE ALTO"
3322,PALMEIRA
3323,"PALMEIRA D'OESTE"
3324,"PALMEIRA DAS MISSÕES"
3325,"PALMEIRA DO PIAUÍ"
3326,"PALMEIRA DOS ÍNDIOS"
3327,PALMEIRAIS
3328,PALMEIRANTE
3329,PALMEIRAS
3330,"PALMEIRAS DE GOIÁS"
3331,"PALMEIRAS DO TOCANTINS"
3332,PALMEIRINA
3333,"PALMEIRÂNDIA"
3334,"PALMEIRÓPOLIS"
3335,PALMELO
3336,"PALMINÓPOLIS"
3337,PALMITAL
3338,PALMITINHO
3339,PALMITOS
3340,"PALMÁCIA"
3341,"PALMÓPOLIS"
3342,PALOTINA
3343,PANAMBI
3344,"PANAMÁ"
3345,PANCAS
3346,PANELAS
3347,PANORAMA
3348,"PANTANO GRANDE"
3349,PAPAGAIOS
3350,PAPANDUVA
3351,"PAQUETÁ"
3352,PARACAMBI
3353,PARACATU
3354,PARACURU
3355,PARAGOMINAS
3356,"PARAGUAÇU"
3357,"PARAGUAÇU PAULISTA"
3358,PARAIBANO
3359,PARAIBUNA
3360,PARAIPABA
3361,"PARAISÓPOLIS"
3362,PARAMBU
3363,PARAMIRIM
3364,PARAMOTI
3365,PARANACITY
3366,"PARANAGUÁ"
3367,PARANAIGUARA
3368,PARANAPANEMA
3369,PARANAPOEMA
3370,"PARANAPUÃ"
3371,PARANATAMA
3372,PARANATINGA
3373,"PARANAVAÍ"
3374,"PARANAÍBA"
3375,"PARANAÍTA"
3376,PARANHOS
3377,"PARANÁ"
3378,"PARANÃ"
3379,PARAOPEBA
3380,"PARAPUÃ"
3381,PARARI
3382,PARATINGA
3383,PARATY
3384,PARAUAPEBAS
3385,PARAZINHO
3386,"PARAÍ"
3387,"PARAÍBA DO SUL"
3388,"PARAÍSO"
3389,"PARAÍSO DAS ÁGUAS"
3390,"PARAÍSO DO NORTE"
3391,"PARAÍSO DO SUL"
3392,"PARAÍSO DO TOCANTINS"
3393,"PARAÚ"
3394,"PARAÚNA"
3395,PARDINHO
3396,"PARECI NOVO"
3397,PARECIS
3398,PARELHAS
3399,PARICONHA
3400,PARINTINS
3401,PARIPIRANGA
3402,PARIPUEIRA
3403,"PARIQUERA-AÇU"
3404,PARISI
3405,"PARNAGUÁ"
3406,PARNAMIRIM
3407,PARNARAMA
3408,"PARNAÍBA"
3409,"PAROBÉ"
3410,"PARÁ DE MINAS"
3411,"PASSA E FICA"
3412,"PASSA QUATRO"
3413,"PASSA SETE"
3414,"PASSA TEMPO"
3415,"PASSA VINTE"
3416,"PASSABÉM"
3417,PASSAGEM
3418,"PASSAGEM FRANCA"
3419,"PASSAGEM FRANCA DO PIAUÍ"
3420,PASSIRA
3421,"PASSO DE CAMARAGIBE"
3422,"PASSO DE TORRES"
3423,"PASSO DO SOBRADO"
3424,"PASSO FUNDO"
3425,PASSOS
3426,"PASSOS MAIA"
3427,"PASTOS BONS"
3428,PATIS
3429,"PATO BRAGADO"
3430,"PATO BRANCO"
3431,PATOS
3432,"PATOS DE MINAS"
3433,"PATOS DO PIAUÍ"
3434,"PATROCÍNIO"
3435,"PATROCÍNIO DO MURIAÉ"
3436,"PATROCÍNIO PAULISTA"
3437,PATU
3438,"PATY DO ALFERES"
3439,"PAU BRASIL"
3440,"PAU D'ARCO"
3441,"PAU D'ARCO DO PIAUÍ"
3442,"PAU DOS FERROS"
3443,PAUDALHO
3444,PAUINI
3445,"PAULA CÂNDIDO"
3446,"PAULA FREITAS"
3447,"PAULICÉIA"
3448,"PAULINO NEVES"
3449,PAULISTA
3450,PAULISTANA
3451,PAULISTAS
3452,"PAULISTÂNIA"
3453,"PAULO AFONSO"
3454,"PAULO BENTO"
3455,"PAULO DE FARIA"
3456,"PAULO FRONTIN"
3457,"PAULO JACINTO"
3458,"PAULO LOPES"
3459,"PAULO RAMOS"
3460,"PAULÍNIA"
3461,PAVERAMA
3462,PAVUSSU
3463,"PAVÃO"
3464,"PAÇO DO LUMIAR"
3465,PEABIRU
3466,PEDERNEIRAS
3467,PEDRA
3468,"PEDRA AZUL"
3469,"PEDRA BELA"
3470,"PEDRA BONITA"
3471,"PEDRA BRANCA"
3472,"PEDRA BRANCA DO AMAPARI"
3473,"PEDRA DO ANTA"
3474,"PEDRA DO INDAIÁ"
3475,"PEDRA DOURADA"
3476,"PEDRA GRANDE"
3477,"PEDRA LAVRADA"
3478,"PEDRA MOLE"
3479,"PEDRA PRETA"
3480,PEDRALVA
3481,"PEDRANÓPOLIS"
3482,"PEDRAS ALTAS"
3483,"PEDRAS DE FOGO"
3484,"PEDRAS DE MARIA DA CRUZ"
3485,"PEDRAS GRANDES"
3486,PEDREGULHO
3487,PEDREIRA
3488,PEDREIRAS
3489,PEDRINHAS
3490,"PEDRINHAS PAULISTA"
3491,"PEDRINÓPOLIS"
3492,"PEDRO AFONSO"
3493,"PEDRO ALEXANDRE"
3494,"PEDRO AVELINO"
3495,"PEDRO CANÁRIO"
3496,"PEDRO DE TOLEDO"
3497,"PEDRO DO ROSÁRIO"
3498,"PEDRO GOMES"
3499,"PEDRO II"
3500,"PEDRO LAURENTINO"
3501,"PEDRO LEOPOLDO"
3502,"PEDRO OSÓRIO"
3503,"PEDRO RÉGIS"
3504,"PEDRO TEIXEIRA"
3505,"PEDRO VELHO"
3506,"PEDRÃO"
3507,PEIXE
3508,PEIXE-BOI
3509,"PEIXOTO DE AZEVEDO"
3510,"PEJUÇARA"
3511,PELOTAS
3512,PENAFORTE
3513,PENALVA
3514,"PENDÊNCIAS"
3515,PENEDO
3516,PENHA
3517,PENTECOSTE
3518,"PENÁPOLIS"
3519,PEQUERI
3520,PEQUI
3521,PEQUIZEIRO
3522,"PERDIGÃO"
3523,PERDIZES
3524,"PERDÕES"
3525,"PEREIRA BARRETO"
3526,PEREIRAS
3527,PEREIRO
3528,"PERI MIRIM"
3529,PERIQUITO
3530,PERITIBA
3531,"PERITORÓ"
3532,PEROBAL
3533,"PEROLÂNDIA"
3534,"PERUÍBE"
3535,PESCADOR
3536,"PESCARIA BRAVA"
3537,PESQUEIRA
3538,PETROLINA
3539,"PETROLINA DE GOIÁS"
3540,"PETROLÂNDIA"
3541,"PETRÓPOLIS"
3542,"PEÇANHA"
3543,PIACATU
3544,"PIANCÓ"
3545,"PIATÃ"
3546,PIAU
3547,"PIAÇABUÇU"
3548,"PICADA CAFÉ"
3549,PICOS
3550,"PICUÍ"
3551,PIEDADE
3552,"PIEDADE DE CARATINGA"
3553,"PIEDADE DE PONTE NOVA"
3554,"PIEDADE DO RIO GRANDE"
3555,"PIEDADE DOS GERAIS"
3556,PILAR
3557,"PILAR DE GOIÁS"
3558,"PILAR DO SUL"
3559,"PILÃO ARCADO"
3560,"PILÕES"
3561,"PILÕEZINHOS"
3562,PIMENTA
3563,"PIMENTA BUENO"
3564,PIMENTEIRAS
3565,"PIMENTEIRAS DO OESTE"
3566,PINDAMONHANGABA
3567,"PINDARÉ-MIRIM"
3568,"PINDAÍ"
3569,PINDOBA
3570,"PINDOBAÇU"
3571,PINDORAMA
3572,"PINDORAMA DO TOCANTINS"
3573,PINDORETAMA
3574,"PINGO D'ÁGUA"
3575,PINHAIS
3576,PINHAL
3577,"PINHAL DA SERRA"
3578,"PINHAL DE SÃO BENTO"
3579,"PINHAL GRANDE"
3580,PINHALZINHO
3581,"PINHALÃO"
3582,PINHEIRAL
3583,"PINHEIRINHO DO VALE"
3584,PINHEIRO
3585,"PINHEIRO MACHADO"
3586,"PINHEIRO PRETO"
3587,PINHEIROS
3588,"PINHÃO"
3589,PINTADAS
3590,"PINTO BANDEIRA"
3591,"PINTÓPOLIS"
3592,"PIO IX"
3593,"PIO XII"
3594,PIQUEROBI
3595,"PIQUET CARNEIRO"
3596,PIQUETE
3597,PIRACAIA
3598,PIRACANJUBA
3599,PIRACEMA
3600,PIRACICABA
3601,PIRACURUCA
3602,PIRAJU
3603,PIRAJUBA
3604,"PIRAJUÍ"
3605,PIRAMBU
3606,PIRANGA
3607,PIRANGI
3608,PIRANGUINHO
3609,"PIRANGUÇU"
3610,PIRANHAS
3611,PIRAPEMAS
3612,PIRAPETINGA
3613,PIRAPORA
3614,"PIRAPORA DO BOM JESUS"
3615,PIRAPOZINHO
3616,"PIRAPÓ"
3617,PIRAQUARA
3618,"PIRAQUÊ"
3619,PIRASSUNUNGA
3620,PIRATINI
3621,PIRATININGA
3622,PIRATUBA
3623,"PIRAÍ"
3624,"PIRAÍ DO NORTE"
3625,"PIRAÍ DO SUL"
3626,"PIRAÚBA"
3627,"PIRENÓPOLIS"
3628,"PIRES DO RIO"
3629,"PIRES FERREIRA"
3630,PIRIPIRI
3631,"PIRIPÁ"
3632,PIRITIBA
3633,PIRPIRITUBA
3634,PITANGA
3635,PITANGUEIRAS
3636,PITANGUI
3637,PITIMBU
3638,PIUM
3639,PIUMHI
3640,"PIÇARRA"
3641,"PIÊN"
3642,"PIÚMA"
3643,PLACAS
3644,PLANALTINA
3645,"PLANALTINA DO PARANÁ"
3646,PLANALTINO
3647,PLANALTO
3648,"PLANALTO ALEGRE"
3649,"PLANALTO DA SERRA"
3650,PLANURA
3651,PLATINA
3652,"PLÁCIDO DE CASTRO"
3653,POCINHOS
3654,"POCONÉ"
3655,POCRANE
3656,POJUCA
3657,POLONI
3658,POMBAL
3659,POMBOS
3660,POMERODE
3661,"POMPÉIA"
3662,"POMPÉU"
3663,"PONGAÍ"
3664,"PONTA DE PEDRAS"
3665,"PONTA GROSSA"
3666,"PONTA PORÃ"
3667,PONTAL
3668,"PONTAL DO ARAGUAIA"
3669,"PONTAL DO PARANÁ"
3670,PONTALINA
3671,PONTALINDA
3672,"PONTE ALTA"
3673,"PONTE ALTA DO BOM JESUS"
3674,"PONTE ALTA DO NORTE"
3675,"PONTE ALTA DO TOCANTINS"
3676,"PONTE BRANCA"
3677,"PONTE NOVA"
3678,"PONTE PRETA"
3679,"PONTE SERRADA"
3680,"PONTES E LACERDA"
3681,"PONTES GESTAL"
3682,"PONTO BELO"
3683,"PONTO CHIQUE"
3684,"PONTO DOS VOLANTES"
3685,"PONTO NOVO"
3686,"PONTÃO"
3687,POPULINA
3688,PORANGA
3689,PORANGABA
3690,PORANGATU
3691,"PORCIÚNCULA"
3692,PORECATU
3693,PORTALEGRE
3694,PORTEIRAS
3695,PORTEIRINHA
3696,"PORTEIRÃO"
3697,PORTEL
3698,"PORTELÂNDIA"
3699,PORTO
3700,"PORTO ACRE"
3701,"PORTO ALEGRE"
3702,"PORTO ALEGRE DO NORTE"
3703,"PORTO ALEGRE DO PIAUÍ"
3704,"PORTO ALEGRE DO TOCANTINS"
3705,"PORTO AMAZONAS"
3706,"PORTO BARREIRO"
3707,"PORTO BELO"
3708,"PORTO CALVO"
3709,"PORTO DA FOLHA"
3710,"PORTO DE MOZ"
3711,"PORTO DE PEDRAS"
3712,"PORTO DO MANGUE"
3713,"PORTO DOS GAÚCHOS"
3714,"PORTO ESPERIDIÃO"
3715,"PORTO ESTRELA"
3716,"PORTO FELIZ"
3717,"PORTO FERREIRA"
3718,"PORTO FIRME"
3719,"PORTO FRANCO"
3720,"PORTO GRANDE"
3721,"PORTO LUCENA"
3722,"PORTO MAUÁ"
3723,"PORTO MURTINHO"
3724,"PORTO NACIONAL"
3725,"PORTO REAL"
3726,"PORTO REAL DO COLÉGIO"
3727,"PORTO RICO"
3728,"PORTO RICO DO MARANHÃO"
3729,"PORTO SEGURO"
3730,"PORTO UNIÃO"
3731,"PORTO VELHO"
3732,"PORTO VERA CRUZ"
3733,"PORTO VITÓRIA"
3734,"PORTO WALTER"
3735,"PORTO XAVIER"
3736,"PORTÃO"
3737,POSSE
3738,POTENGI
3739,POTIM
3740,"POTIRAGUÁ"
3741,POTIRENDABA
3742,POTIRETAMA
3743,"POTÉ"
3744,"POUSO ALEGRE"
3745,"POUSO ALTO"
3746,"POUSO NOVO"
3747,"POUSO REDONDO"
3748,"POXORÉU"
3749,"POÁ"
3750,"POÇO BRANCO"
3751,"POÇO DANTAS"
3752,"POÇO DAS ANTAS"
3753,"POÇO DAS TRINCHEIRAS"
3754,"POÇO DE JOSÉ DE MOURA"
3755,"POÇO FUNDO"
3756,"POÇO REDONDO"
3757,"POÇO VERDE"
3758,"POÇOS DE CALDAS"
3759,"POÇÃO"
3760,"POÇÃO DE PEDRAS"
3761,"POÇÕES"
3762,PRACINHA
3763,"PRACUÚBA"
3764,PRADO
3765,"PRADO FERREIRA"
3766,PRADOS
3767,"PRADÓPOLIS"
3768,"PRAIA GRANDE"
3769,"PRAIA NORTE"
3770,PRAINHA
3771,PRANCHITA
3772,PRATA
3773,"PRATA DO PIAUÍ"
3774,PRATINHA
3775,"PRATÁPOLIS"
3776,"PRATÂNIA"
3777,"PRESIDENTE ALVES"
3778,"PRESIDENTE BERNARDES"
3779,"PRESIDENTE CASTELLO BRANCO"
3780,"PRESIDENTE CASTELO BRANCO"
3781,"PRESIDENTE DUTRA"
3782,"PRESIDENTE EPITÁCIO"
3783,"PRESIDENTE FIGUEIREDO"
3784,"PRESIDENTE GETÚLIO"
3785,"PRESIDENTE JUSCELINO"
3786,"PRESIDENTE JÂNIO QUADROS"
3787,"PRESIDENTE KENNEDY"
3788,"PRESIDENTE KUBITSCHEK"
3789,"PRESIDENTE LUCENA"
3790,"PRESIDENTE MÉDICI"
3791,"PRESIDENTE NEREU"
3792,"PRESIDENTE OLEGÁRIO"
3793,"PRESIDENTE PRUDENTE"
3794,"PRESIDENTE SARNEY"
3795,"PRESIDENTE TANCREDO NEVES"
3796,"PRESIDENTE VARGAS"
3797,"PRESIDENTE VENCESLAU"
3798,PRIMAVERA
3799,"PRIMAVERA DE RONDÔNIA"
3800,"PRIMAVERA DO LESTE"
3801,"PRIMEIRA CRUZ"
3802,"PRIMEIRO DE MAIO"
3803,PRINCESA
3804,"PRINCESA ISABEL"
3805,"PROFESSOR JAMIL"
3806,PROGRESSO
3807,"PROMISSÃO"
3808,"PROPRIÁ"
3809,"PROTÁSIO ALVES"
3810,"PRUDENTE DE MORAIS"
3811,"PRUDENTÓPOLIS"
3812,PUGMIL
3813,PUREZA
3814,PUTINGA
3815,"PUXINANÃ"
3816,"PÃO DE AÇÚCAR"
3817,"PÉ DE SERRA"
3818,"PÉROLA"
3819,"PÉROLA D'OESTE"
3820,QUADRA
3821,"QUARAÍ"
3822,"QUARTEL GERAL"
3823,"QUARTO CENTENÁRIO"
3824,"QUATIGUÁ"
3825,QUATIPURU
3826,QUATIS
3827,"QUATRO BARRAS"
3828,"QUATRO IRMÃOS"
3829,"QUATÁ"
3830,QUEBRANGULO
3831,"QUEDAS DO IGUAÇU"
3832,"QUEIMADA NOVA"
3833,QUEIMADAS
3834,QUEIMADOS
3835,QUEIROZ
3836,QUELUZ
3837,QUELUZITO
3838,"QUERÊNCIA"
3839,"QUERÊNCIA DO NORTE"
3840,QUEVEDOS
3841,QUIJINGUE
3842,QUILOMBO
3843,"QUINTA DO SOL"
3844,QUINTANA
3845,"QUINZE DE NOVEMBRO"
3846,"QUIPAPÁ"
3847,"QUIRINÓPOLIS"
3848,"QUISSAMÃ"
3849,QUITANDINHA
3850,"QUITERIANÓPOLIS"
3851,QUIXABA
3852,QUIXABEIRA
3853,"QUIXADÁ"
3854,"QUIXELÔ"
3855,QUIXERAMOBIM
3856,"QUIXERÉ"
3857,"RAFAEL FERNANDES"
3858,"RAFAEL GODEIRO"
3859,"RAFAEL JAMBEIRO"
3860,RAFARD
3861,"RAMILÂNDIA"
3862,RANCHARIA
3863,"RANCHO ALEGRE"
3864,"RANCHO ALEGRE D'OESTE"
3865,"RANCHO QUEIMADO"
3866,RAPOSA
3867,RAPOSOS
3868,"RAUL SOARES"
3869,REALEZA
3870,"REBOUÇAS"
3871,RECIFE
3872,RECREIO
3873,"RECURSOLÂNDIA"
3874,REDENTORA
3875,"REDENÇÃO"
3876,"REDENÇÃO DA SERRA"
3877,"REDENÇÃO DO GURGUÉIA"
3878,REDUTO
3879,"REGENERAÇÃO"
3880,"REGENTE FEIJÓ"
3881,"REGINÓPOLIS"
3882,REGISTRO
3883,RELVADO
3884,REMANSO
3885,"REMÍGIO"
3886,"RENASCENÇA"
3887,RERIUTABA
3888,RESENDE
3889,"RESENDE COSTA"
3890,RESERVA
3891,"RESERVA DO CABAÇAL"
3892,"RESERVA DO IGUAÇU"
3893,RESPLENDOR
3894,RESSAQUINHA
3895,RESTINGA
3896,"RESTINGA SÊCA"
3897,"RETIROLÂNDIA"
3898,RIACHINHO
3899,"RIACHO DA CRUZ"
3900,"RIACHO DAS ALMAS"
3901,"RIACHO DE SANTANA"
3902,"RIACHO DE SANTO ANTÔNIO"
3903,"RIACHO DOS CAVALOS"
3904,"RIACHO DOS MACHADOS"
3905,"RIACHO FRIO"
3906,RIACHUELO
3907,"RIACHÃO"
3908,"RIACHÃO DAS NEVES"
3909,"RIACHÃO DO BACAMARTE"
3910,"RIACHÃO DO DANTAS"
3911,"RIACHÃO DO JACUÍPE"
3912,"RIACHÃO DO POÇO"
3913,RIALMA
3914,"RIANÁPOLIS"
3915,"RIBAMAR FIQUENE"
3916,"RIBAS DO RIO PARDO"
3917,RIBEIRA
3918,"RIBEIRA DO AMPARO"
3919,"RIBEIRA DO PIAUÍ"
3920,"RIBEIRA DO POMBAL"
3921,"RIBEIRO GONÇALVES"
3922,"RIBEIRÃO"
3923,"RIBEIRÃO BONITO"
3924,"RIBEIRÃO BRANCO"
3925,"RIBEIRÃO CASCALHEIRA"
3926,"RIBEIRÃO CLARO"
3927,"RIBEIRÃO CORRENTE"
3928,"RIBEIRÃO DAS NEVES"
3929,"RIBEIRÃO DO LARGO"
3930,"RIBEIRÃO DO PINHAL"
3931,"RIBEIRÃO DO SUL"
3932,"RIBEIRÃO DOS ÍNDIOS"
3933,"RIBEIRÃO GRANDE"
3934,"RIBEIRÃO PIRES"
3935,"RIBEIRÃO PRETO"
3936,"RIBEIRÃO VERMELHO"
3937,"RIBEIRÃOZINHO"
3938,"RIBEIRÓPOLIS"
3939,RIFAINA
3940,"RINCÃO"
3941,"RINÓPOLIS"
3942,"RIO ACIMA"
3943,"RIO AZUL"
3944,"RIO BANANAL"
3945,"RIO BOM"
3946,"RIO BONITO"
3947,"RIO BONITO DO IGUAÇU"
3948,"RIO BRANCO"
3949,"RIO BRANCO DO IVAÍ"
3950,"RIO BRANCO DO SUL"
3951,"RIO BRILHANTE"
3952,"RIO CASCA"
3953,"RIO CLARO"
3954,"RIO CRESPO"
3955,"RIO DA CONCEIÇÃO"
3956,"RIO DAS ANTAS"
3957,"RIO DAS FLORES"
3958,"RIO DAS OSTRAS"
3959,"RIO DAS PEDRAS"
3960,"RIO DE CONTAS"
3961,"RIO DE JANEIRO"
3962,"RIO DO ANTÔNIO"
3963,"RIO DO CAMPO"
3964,"RIO DO FOGO"
3965,"RIO DO OESTE"
3966,"RIO DO PIRES"
3967,"RIO DO PRADO"
3968,"RIO DO SUL"
3969,"RIO DOCE"
3970,"RIO DOS BOIS"
3971,"RIO DOS CEDROS"
3972,"RIO DOS ÍNDIOS"
3973,"RIO ESPERA"
3974,"RIO FORMOSO"
3975,"RIO FORTUNA"
3976,"RIO GRANDE"
3977,"RIO GRANDE DA SERRA"
3978,"RIO GRANDE DO PIAUÍ"
3979,"RIO LARGO"
3980,"RIO MANSO"
3981,"RIO MARIA"
3982,"RIO NEGRINHO"
3983,"RIO NEGRO"
3984,"RIO NOVO"
3985,"RIO NOVO DO SUL"
3986,"RIO PARANAÍBA"
3987,"RIO PARDO"
3988,"RIO PARDO DE MINAS"
3989,"RIO PIRACICABA"
3990,"RIO POMBA"
3991,"RIO PRETO"
3992,"RIO PRETO DA EVA"
3993,"RIO QUENTE"
3994,"RIO REAL"
3995,"RIO RUFINO"
3996,"RIO SONO"
3997,"RIO TINTO"
3998,"RIO VERDE"
3999,"RIO VERDE DE MATO GROSSO"
4000,"RIO VERMELHO"
4001,"RIOLÂNDIA"
4002,RIOZINHO
4003,RIQUEZA
4004,"RITÁPOLIS"
4005,RIVERSUL
4006,"ROCA SALES"
4007,ROCHEDO
4008,"ROCHEDO DE MINAS"
4009,RODEIO
4010,"RODEIO BONITO"
4011,RODEIRO
4012,RODELAS
4013,"RODOLFO FERNANDES"
4014,"RODRIGUES ALVES"
4015,ROLADOR
4016,ROLANTE
4017,"ROLIM DE MOURA"
4018,"ROLÂNDIA"
4019,ROMARIA
4020,"ROMELÂNDIA"
4021,RONCADOR
4022,"RONDA ALTA"
4023,RONDINHA
4024,"RONDOLÂNDIA"
4025,RONDON
4026,"RONDON DO PARÁ"
4027,"RONDONÓPOLIS"
4028,"ROQUE GONZALES"
4029,"RORAINÓPOLIS"
4030,ROSANA
4031,ROSEIRA
4032,"ROSÁRIO"
4033,"ROSÁRIO DA LIMEIRA"
4034,"ROSÁRIO DO CATETE"
4035,"ROSÁRIO DO IVAÍ"
4036,"ROSÁRIO DO SUL"
4037,"ROSÁRIO OESTE"
4038,ROTEIRO
4039,RUBELITA
4040,RUBIATABA
4041,RUBIM
4042,"RUBINÉIA"
4043,"RUBIÁCEA"
4044,"RURÓPOLIS"
4045,RUSSAS
4046,"RUY BARBOSA"
4047,"SABARÁ"
4048,SABINO
4049,"SABINÓPOLIS"
4050,SABOEIRO
4051,"SABÁUDIA"
4052,SACRAMENTO
4053,"SAGRADA FAMÍLIA"
4054,SAGRES
4055,"SAIRÉ"
4056,"SALDANHA MARINHO"
4057,SALES
4058,"SALES OLIVEIRA"
4059,"SALESÓPOLIS"
4060,SALETE
4061,SALGADINHO
4062,SALGADO
4063,"SALGADO DE SÃO FÉLIX"
4064,"SALGADO FILHO"
4065,SALGUEIRO
4066,SALINAS
4067,"SALINAS DA MARGARIDA"
4068,"SALINÓPOLIS"
4069,SALITRE
4070,"SALMOURÃO"
4071,"SALOÁ"
4072,SALTINHO
4073,SALTO
4074,"SALTO DA DIVISA"
4075,"SALTO DE PIRAPORA"
4076,"SALTO DO CÉU"
4077,"SALTO DO ITARARÉ"
4078,"SALTO DO JACUÍ"
4079,"SALTO DO LONTRA"
4080,"SALTO GRANDE"
4081,"SALTO VELOSO"
4082,SALVADOR
4083,"SALVADOR DAS MISSÕES"
4084,"SALVADOR DO SUL"
4085,SALVATERRA
4086,"SAMBAÍBA"
4087,SAMPAIO
4088,SANANDUVA
4089,"SANCLERLÂNDIA"
4090,"SANDOLÂNDIA"
4091,SANDOVALINA
4092,"SANGÃO"
4093,"SANHARÓ"
4094,"SANT'ANA DO LIVRAMENTO"
4095,"SANTA ADÉLIA"
4096,"SANTA ALBERTINA"
4097,"SANTA AMÉLIA"
4098,"SANTA BRANCA"
4099,"SANTA BRÍGIDA"
4100,"SANTA BÁRBARA"
4101,"SANTA BÁRBARA D'OESTE"
4102,"SANTA BÁRBARA DE GOIÁS"
4103,"SANTA BÁRBARA DO LESTE"
4104,"SANTA BÁRBARA DO MONTE VERDE"
4105,"SANTA BÁRBARA DO PARÁ"
4106,"SANTA BÁRBARA DO SUL"
4107,"SANTA BÁRBARA DO TUGÚRIO"
4108,"SANTA CARMEM"
4109,"SANTA CECÍLIA"
4110,"SANTA CECÍLIA DO PAVÃO"
4111,"SANTA CECÍLIA DO SUL"
4112,"SANTA CLARA D'OESTE"
4113,"SANTA CLARA DO SUL"
4114,"SANTA CRUZ"
4115,"SANTA CRUZ CABRÁLIA"
4116,"SANTA CRUZ DA BAIXA VERDE"
4117,"SANTA CRUZ DA CONCEIÇÃO"
4118,"SANTA CRUZ DA ESPERANÇA"
4119,"SANTA CRUZ DA VITÓRIA"
4120,"SANTA CRUZ DAS PALMEIRAS"
4121,"SANTA CRUZ DE GOIÁS"
4122,"SANTA CRUZ DE MINAS"
4123,"SANTA CRUZ DE MONTE CASTELO"
4124,"SANTA CRUZ DE SALINAS"
4125,"SANTA CRUZ DO ARARI"
4126,"SANTA CRUZ DO CAPIBARIBE"
4127,"SANTA CRUZ DO ESCALVADO"
4128,"SANTA CRUZ DO PIAUÍ"
4129,"SANTA CRUZ DO RIO PARDO"
4130,"SANTA CRUZ DO SUL"
4131,"SANTA CRUZ DO XINGU"
4132,"SANTA CRUZ DOS MILAGRES"
4133,"SANTA EFIGÊNIA DE MINAS"
4134,"SANTA ERNESTINA"
4135,"SANTA FILOMENA"
4136,"SANTA FILOMENA DO MARANHÃO"
4137,"SANTA FÉ"
4138,"SANTA FÉ DE GOIÁS"
4139,"SANTA FÉ DE MINAS"
4140,"SANTA FÉ DO ARAGUAIA"
4141,"SANTA FÉ DO SUL"
4142,"SANTA GERTRUDES"
4143,"SANTA HELENA"
4144,"SANTA HELENA DE GOIÁS"
4145,"SANTA HELENA DE MINAS"
4146,"SANTA INÊS"
4147,"SANTA ISABEL"
4148,"SANTA ISABEL DO IVAÍ"
4149,"SANTA ISABEL DO RIO NEGRO"
4150,"SANTA IZABEL DO OESTE"
4151,"SANTA IZABEL DO PARÁ"
4152,"SANTA JULIANA"
4153,"SANTA LEOPOLDINA"
4154,"SANTA LUZ"
4155,"SANTA LUZIA"
4156,"SANTA LUZIA D'OESTE"
4157,"SANTA LUZIA DO ITANHY"
4158,"SANTA LUZIA DO NORTE"
4159,"SANTA LUZIA DO PARUÁ"
4160,"SANTA LUZIA DO PARÁ"
4161,"SANTA LÚCIA"
4162,"SANTA MARGARIDA"
4163,"SANTA MARGARIDA DO SUL"
4164,"SANTA MARIA"
4165,"SANTA MARIA DA BOA VISTA"
4166,"SANTA MARIA DA SERRA"
4167,"SANTA MARIA DA VITÓRIA"
4168,"SANTA MARIA DAS BARREIRAS"
4169,"SANTA MARIA DE ITABIRA"
4170,"SANTA MARIA DE JETIBÁ"
4171,"SANTA MARIA DO CAMBUCÁ"
4172,"SANTA MARIA DO HERVAL"
4173,"SANTA MARIA DO OESTE"
4174,"SANTA MARIA DO PARÁ"
4175,"SANTA MARIA DO SALTO"
4176,"SANTA MARIA DO SUAÇUÍ"
4177,"SANTA MARIA DO TOCANTINS"
4178,"SANTA MARIA MADALENA"
4179,"SANTA MARIANA"
4180,"SANTA MERCEDES"
4181,"SANTA MÔNICA"
4182,"SANTA QUITÉRIA"
4183,"SANTA QUITÉRIA DO MARANHÃO"
4184,"SANTA RITA"
4185,"SANTA RITA D'OESTE"
4186,"SANTA RITA DE CALDAS"
4187,"SANTA RITA DE CÁSSIA"
4188,"SANTA RITA DE IBITIPOCA"
4189,"SANTA RITA DE JACUTINGA"
4190,"SANTA RITA DE MINAS"
4191,"SANTA RITA DO ARAGUAIA"
4192,"SANTA RITA DO ITUETO"
4193,"SANTA RITA DO NOVO DESTINO"
4194,"SANTA RITA DO PARDO"
4195,"SANTA RITA DO PASSA QUATRO"
4196,"SANTA RITA DO SAPUCAÍ"
4197,"SANTA RITA DO TOCANTINS"
4198,"SANTA RITA DO TRIVELATO"
4199,"SANTA ROSA"
4200,"SANTA ROSA DA SERRA"
4201,"SANTA ROSA DE GOIÁS"
4202,"SANTA ROSA DE LIMA"
4203,"SANTA ROSA DE VITERBO"
4204,"SANTA ROSA DO PIAUÍ"
4205,"SANTA ROSA DO PURUS"
4206,"SANTA ROSA DO SUL"
4207,"SANTA ROSA DO TOCANTINS"
4208,"SANTA SALETE"
4209,"SANTA TERESA"
4210,"SANTA TERESINHA"
4211,"SANTA TEREZA"
4212,"SANTA TEREZA DE GOIÁS"
4213,"SANTA TEREZA DO OESTE"
4214,"SANTA TEREZA DO TOCANTINS"
4215,"SANTA TEREZINHA"
4216,"SANTA TEREZINHA DE GOIÁS"
4217,"SANTA TEREZINHA DE ITAIPU"
4218,"SANTA TEREZINHA DO PROGRESSO"
4219,"SANTA TEREZINHA DO TOCANTINS"
4220,"SANTA VITÓRIA"
4221,"SANTA VITÓRIA DO PALMAR"
4222,SANTALUZ
4223,SANTANA
4224,"SANTANA DA BOA VISTA"
4225,"SANTANA DA PONTE PENSA"
4226,"SANTANA DA VARGEM"
4227,"SANTANA DE CATAGUASES"
4228,"SANTANA DE MANGUEIRA"
4229,"SANTANA DE PARNAÍBA"
4230,"SANTANA DE PIRAPAMA"
4231,"SANTANA DO ACARAÚ"
4232,"SANTANA DO ARAGUAIA"
4233,"SANTANA DO CARIRI"
4234,"SANTANA DO DESERTO"
4235,"SANTANA DO GARAMBÉU"
4236,"SANTANA DO IPANEMA"
4237,"SANTANA DO ITARARÉ"
4238,"SANTANA DO JACARÉ"
4239,"SANTANA DO MANHUAÇU"
4240,"SANTANA DO MARANHÃO"
4241,"SANTANA DO MATOS"
4242,"SANTANA DO MUNDAÚ"
4243,"SANTANA DO PARAÍSO"
4244,"SANTANA DO PIAUÍ"
4245,"SANTANA DO RIACHO"
4246,"SANTANA DO SÃO FRANCISCO"
4247,"SANTANA DOS GARROTES"
4248,"SANTANA DOS MONTES"
4249,"SANTANÓPOLIS"
4250,"SANTARÉM"
4251,"SANTARÉM NOVO"
4252,SANTIAGO
4253,"SANTIAGO DO SUL"
4254,"SANTO AFONSO"
4255,"SANTO AMARO"
4256,"SANTO AMARO DA IMPERATRIZ"
4257,"SANTO AMARO DAS BROTAS"
4258,"SANTO AMARO DO MARANHÃO"
4259,"SANTO ANASTÁCIO"
4260,"SANTO ANDRÉ"
4261,"SANTO ANTÔNIO"
4262,"SANTO ANTÔNIO DA ALEGRIA"
4263,"SANTO ANTÔNIO DA BARRA"
4264,"SANTO ANTÔNIO DA PATRULHA"
4265,"SANTO ANTÔNIO DA PLATINA"
4266,"SANTO ANTÔNIO DAS MISSÕES"
4267,"SANTO ANTÔNIO DE GOIÁS"
4268,"SANTO ANTÔNIO DE JESUS"
4269,"SANTO ANTÔNIO DE LISBOA"
4270,"SANTO ANTÔNIO DE POSSE"
4271,"SANTO ANTÔNIO DE PÁDUA"
4272,"SANTO ANTÔNIO DO AMPARO"
4273,"SANTO ANTÔNIO DO ARACANGUÁ"
4274,"SANTO ANTÔNIO DO AVENTUREIRO"
4275,"SANTO ANTÔNIO DO CAIUÁ"
4276,"SANTO ANTÔNIO DO DESCOBERTO"
4277,"SANTO ANTÔNIO DO GRAMA"
4278,"SANTO ANTÔNIO DO ITAMBÉ"
4279,"SANTO ANTÔNIO DO IÇÁ"
4280,"SANTO ANTÔNIO DO JACINTO"
4281,"SANTO ANTÔNIO DO JARDIM"
4282,"SANTO ANTÔNIO DO LESTE"
4283,"SANTO ANTÔNIO DO LEVERGER"
4284,"SANTO ANTÔNIO DO MONTE"
4285,"SANTO ANTÔNIO DO PALMA"
4286,"SANTO ANTÔNIO DO PARAÍSO"
4287,"SANTO ANTÔNIO DO PINHAL"
4288,"SANTO ANTÔNIO DO PLANALTO"
4289,"SANTO ANTÔNIO DO RETIRO"
4290,"SANTO ANTÔNIO DO RIO ABAIXO"
4291,"SANTO ANTÔNIO DO SUDOESTE"
4292,"SANTO ANTÔNIO DO TAUÁ"
4293,"SANTO ANTÔNIO DOS LOPES"
4294,"SANTO ANTÔNIO DOS MILAGRES"
4295,"SANTO AUGUSTO"
4296,"SANTO CRISTO"
4297,"SANTO ESTÊVÃO"
4298,"SANTO EXPEDITO"
4299,"SANTO EXPEDITO DO SUL"
4300,"SANTO HIPÓLITO"
4301,"SANTO INÁCIO"
4302,"SANTO INÁCIO DO PIAUÍ"
4303,"SANTO ÂNGELO"
4304,SANTOS
4305,"SANTOS DUMONT"
4306,"SANTÓPOLIS DO AGUAPEÍ"
4307,"SAPEAÇU"
4308,SAPEZAL
4309,SAPIRANGA
4310,SAPOPEMA
4311,SAPUCAIA
4312,"SAPUCAIA DO SUL"
4313,"SAPUCAÍ-MIRIM"
4314,"SAPÉ"
4315,SAQUAREMA
4316,SARANDI
4317,"SARAPUÍ"
4318,"SARDOÁ"
4319,"SARUTAIÁ"
4320,SARZEDO
4321,SATUBA
4322,SATUBINHA
4323,SAUBARA
4324,"SAUDADE DO IGUAÇU"
4325,SAUDADES
4326,"SAÚDE"
4327,SEABRA
4328,SEARA
4329,"SEBASTIANÓPOLIS DO SUL"
4330,"SEBASTIÃO BARROS"
4331,"SEBASTIÃO LARANJEIRAS"
4332,"SEBASTIÃO LEAL"
4333,SEBERI
4334,SEGREDO
4335,SELBACH
4336,"SELVÍRIA"
4337,SEM-PEIXE
4338,"SENA MADUREIRA"
4339,"SENADOR ALEXANDRE COSTA"
4340,"SENADOR AMARAL"
4341,"SENADOR CANEDO"
4342,"SENADOR CORTES"
4343,"SENADOR ELÓI DE SOUZA"
4344,"SENADOR FIRMINO"
4345,"SENADOR GEORGINO AVELINO"
4346,"SENADOR GUIOMARD"
4347,"SENADOR JOSÉ BENTO"
4348,"SENADOR JOSÉ PORFÍRIO"
4349,"SENADOR LA ROCQUE"
4350,"SENADOR MODESTINO GONÇALVES"
4351,"SENADOR POMPEU"
4352,"SENADOR RUI PALMEIRA"
4353,"SENADOR SALGADO FILHO"
4354,"SENADOR SÁ"
4355,"SENGÉS"
4356,"SENHOR DO BONFIM"
4357,"SENHORA DE OLIVEIRA"
4358,"SENHORA DO PORTO"
4359,"SENHORA DOS REMÉDIOS"
4360,"SENTINELA DO SUL"
4361,"SENTO SÉ"
4362,"SERAFINA CORRÊA"
4363,SERICITA
4364,SERINGUEIRAS
4365,SERITINGA
4366,"SEROPÉDICA"
4367,SERRA
4368,"SERRA ALTA"
4369,"SERRA AZUL"
4370,"SERRA AZUL DE MINAS"
4371,"SERRA BRANCA"
4372,"SERRA CAIADA"
4373,"SERRA DA RAIZ"
4374,"SERRA DA SAUDADE"
4375,"SERRA DE SÃO BENTO"
4376,"SERRA DO MEL"
4377,"SERRA DO NAVIO"
4378,"SERRA DO RAMALHO"
4379,"SERRA DO SALITRE"
4380,"SERRA DOS AIMORÉS"
4381,"SERRA DOURADA"
4382,"SERRA GRANDE"
4383,"SERRA NEGRA"
4384,"SERRA NEGRA DO NORTE"
4385,"SERRA NOVA DOURADA"
4386,"SERRA PRETA"
4387,"SERRA REDONDA"
4388,"SERRA TALHADA"
4389,SERRANA
4390,SERRANIA
4391,"SERRANO DO MARANHÃO"
4392,SERRANOS
4393,"SERRANÓPOLIS"
4394,"SERRANÓPOLIS DE MINAS"
4395,"SERRANÓPOLIS DO IGUAÇU"
4396,SERRARIA
4397,SERRINHA
4398,"SERRINHA DOS PINTOS"
4399,SERRITA
4400,SERRO
4401,"SERROLÂNDIA"
4402,SERTANEJA
4403,"SERTANÓPOLIS"
4404,"SERTÂNIA"
4405,"SERTÃO"
4406,"SERTÃO SANTANA"
4407,"SERTÃOZINHO"
4408,"SETE BARRAS"
4409,"SETE DE SETEMBRO"
4410,"SETE LAGOAS"
4411,"SETE QUEDAS"
4412,SETUBINHA
4413,"SEVERIANO DE ALMEIDA"
4414,"SEVERIANO MELO"
4415,"SEVERÍNIA"
4416,"SIDERÓPOLIS"
4417,"SIDROLÂNDIA"
4418,"SIGEFREDO PACHECO"
4419,"SILVA JARDIM"
4420,"SILVANÓPOLIS"
4421,"SILVEIRA MARTINS"
4422,SILVEIRAS
4423,"SILVEIRÂNIA"
4424,SILVES
4425,"SILVIANÓPOLIS"
4426,"SILVÂNIA"
4427,"SIMOLÂNDIA"
4428,"SIMONÉSIA"
4429,"SIMPLÍCIO MENDES"
4430,"SIMÃO DIAS"
4431,"SIMÃO PEREIRA"
4432,"SIMÕES"
4433,"SIMÕES FILHO"
4434,SINIMBU
4435,SINOP
4436,"SIQUEIRA CAMPOS"
4437,"SIRINHAÉM"
4438,SIRIRI
4439,SOBRADINHO
4440,SOBRADO
4441,SOBRAL
4442,"SOBRÁLIA"
4443,SOCORRO
4444,"SOCORRO DO PIAUÍ"
4445,SOLEDADE
4446,"SOLEDADE DE MINAS"
4447,"SOLIDÃO"
4448,"SOLONÓPOLE"
4449,"SOLÂNEA"
4450,SOMBRIO
4451,SONORA
4452,SOORETAMA
4453,SOROCABA
4454,SORRISO
4455,"SOSSÊGO"
4456,SOURE
4457,SOUSA
4458,"SOUTO SOARES"
4459,SUCUPIRA
4460,"SUCUPIRA DO NORTE"
4461,"SUCUPIRA DO RIACHÃO"
4462,"SUD MENNUCCI"
4463,"SUL BRASIL"
4464,SULINA
4465,"SUMARÉ"
4466,SUMIDOURO
4467,"SUMÉ"
4468,SURUBIM
4469,SUSSUAPARA
4470,SUZANO
4471,"SUZANÁPOLIS"
4472,"SÁTIRO DIAS"
4473,"SÃO BENEDITO"
4474,"SÃO BENEDITO DO RIO PRETO"
4475,"SÃO BENEDITO DO SUL"
4476,"SÃO BENTINHO"
4477,"SÃO BENTO"
4478,"SÃO BENTO ABADE"
4479,"SÃO BENTO DO NORTE"
4480,"SÃO BENTO DO SAPUCAÍ"
4481,"SÃO BENTO DO SUL"
4482,"SÃO BENTO DO TOCANTINS"
4483,"SÃO BENTO DO TRAIRÍ"
4484,"SÃO BENTO DO UNA"
4485,"SÃO BERNARDINO"
4486,"SÃO BERNARDO"
4487,"SÃO BERNARDO DO CAMPO"
4488,"SÃO BONIFÁCIO"
4489,"SÃO BORJA"
4490,"SÃO BRAZ DO PIAUÍ"
4491,"SÃO BRÁS"
4492,"SÃO BRÁS DO SUAÇUÍ"
4493,"SÃO CAETANO DE ODIVELAS"
4494,"SÃO CAETANO DO SUL"
4495,"SÃO CAITANO"
4496,"SÃO CARLOS"
4497,"SÃO CARLOS DO IVAÍ"
4498,"SÃO CRISTÓVÃO"
4499,"SÃO CRISTÓVÃO DO SUL"
4500,"SÃO DESIDÉRIO"
4501,"SÃO DOMINGOS"
4502,"SÃO DOMINGOS DAS DORES"
4503,"SÃO DOMINGOS DO ARAGUAIA"
4504,"SÃO DOMINGOS DO AZEITÃO"
4505,"SÃO DOMINGOS DO CAPIM"
4506,"SÃO DOMINGOS DO CARIRI"
4507,"SÃO DOMINGOS DO MARANHÃO"
4508,"SÃO DOMINGOS DO NORTE"
4509,"SÃO DOMINGOS DO PRATA"
4510,"SÃO DOMINGOS DO SUL"
4511,"SÃO FELIPE"
4512,"SÃO FELIPE D'OESTE"
4513,"SÃO FERNANDO"
4514,"SÃO FIDÉLIS"
4515,"SÃO FRANCISCO"
4516,"SÃO FRANCISCO DE ASSIS"
4517,"SÃO FRANCISCO DE ASSIS DO PIAUÍ"
4518,"SÃO FRANCISCO DE GOIÁS"
4519,"SÃO FRANCISCO DE ITABAPOANA"
4520,"SÃO FRANCISCO DE PAULA"
4521,"SÃO FRANCISCO DE SALES"
4522,"SÃO FRANCISCO DO BREJÃO"
4523,"SÃO FRANCISCO DO CONDE"
4524,"SÃO FRANCISCO DO GLÓRIA"
4525,"SÃO FRANCISCO DO GUAPORÉ"
4526,"SÃO FRANCISCO DO MARANHÃO"
4527,"SÃO FRANCISCO DO OESTE"
4528,"SÃO FRANCISCO DO PARÁ"
4529,"SÃO FRANCISCO DO PIAUÍ"
4530,"SÃO FRANCISCO DO SUL"
4531,"SÃO FÉLIX"
4532,"SÃO FÉLIX DE BALSAS"
4533,"SÃO FÉLIX DE MINAS"
4534,"SÃO FÉLIX DO ARAGUAIA"
4535,"SÃO FÉLIX DO CORIBE"
4536,"SÃO FÉLIX DO PIAUÍ"
4537,"SÃO FÉLIX DO TOCANTINS"
4538,"SÃO FÉLIX DO XINGU"
4539,"SÃO GABRIEL"
4540,"SÃO GABRIEL DA CACHOEIRA"
4541,"SÃO GABRIEL DA PALHA"
4542,"SÃO GABRIEL DO OESTE"
4543,"SÃO GERALDO"
4544,"SÃO GERALDO DA PIEDADE"
4545,"SÃO GERALDO DO ARAGUAIA"
4546,"SÃO GERALDO DO BAIXIO"
4547,"SÃO GONÇALO"
4548,"SÃO GONÇALO DO ABAETÉ"
4549,"SÃO GONÇALO DO AMARANTE"
4550,"SÃO GONÇALO DO GURGUÉIA"
4551,"SÃO GONÇALO DO PARÁ"
4552,"SÃO GONÇALO DO PIAUÍ"
4553,"SÃO GONÇALO DO RIO ABAIXO"
4554,"SÃO GONÇALO DO RIO PRETO"
4555,"SÃO GONÇALO DO SAPUCAÍ"
4556,"SÃO GONÇALO DOS CAMPOS"
4557,"SÃO GOTARDO"
4558,"SÃO JERÔNIMO"
4559,"SÃO JERÔNIMO DA SERRA"
4560,"SÃO JOAQUIM"
4561,"SÃO JOAQUIM DA BARRA"
4562,"SÃO JOAQUIM DE BICAS"
4563,"SÃO JOAQUIM DO MONTE"
4564,"SÃO JORGE"
4565,"SÃO JORGE D'OESTE"
4566,"SÃO JORGE DO IVAÍ"
4567,"SÃO JORGE DO PATROCÍNIO"
4568,"SÃO JOSÉ"
4569,"SÃO JOSÉ DA BARRA"
4570,"SÃO JOSÉ DA BELA VISTA"
4571,"SÃO JOSÉ DA BOA VISTA"
4572,"SÃO JOSÉ DA COROA GRANDE"
4573,"SÃO JOSÉ DA LAGOA TAPADA"
4574,"SÃO JOSÉ DA LAJE"
4575,"SÃO JOSÉ DA LAPA"
4576,"SÃO JOSÉ DA SAFIRA"
4577,"SÃO JOSÉ DA TAPERA"
4578,"SÃO JOSÉ DA VARGINHA"
4579,"SÃO JOSÉ DA VITÓRIA"
4580,"SÃO JOSÉ DAS MISSÕES"
4581,"SÃO JOSÉ DAS PALMEIRAS"
4582,"SÃO JOSÉ DE CAIANA"
4583,"SÃO JOSÉ DE ESPINHARAS"
4584,"SÃO JOSÉ DE MIPIBU"
4585,"SÃO JOSÉ DE PIRANHAS"
4586,"SÃO JOSÉ DE PRINCESA"
4587,"SÃO JOSÉ DE RIBAMAR"
4588,"SÃO JOSÉ DE UBÁ"
4589,"SÃO JOSÉ DO ALEGRE"
4590,"SÃO JOSÉ DO BARREIRO"
4591,"SÃO JOSÉ DO BELMONTE"
4592,"SÃO JOSÉ DO BONFIM"
4593,"SÃO JOSÉ DO BREJO DO CRUZ"
4594,"SÃO JOSÉ DO CALÇADO"
4595,"SÃO JOSÉ DO CAMPESTRE"
4596,"SÃO JOSÉ DO CEDRO"
4597,"SÃO JOSÉ DO CERRITO"
4598,"SÃO JOSÉ DO DIVINO"
4599,"SÃO JOSÉ DO EGITO"
4600,"SÃO JOSÉ DO GOIABAL"
4601,"SÃO JOSÉ DO HERVAL"
4602,"SÃO JOSÉ DO HORTÊNCIO"
4603,"SÃO JOSÉ DO JACURI"
4604,"SÃO JOSÉ DO JACUÍPE"
4605,"SÃO JOSÉ DO MANTIMENTO"
4606,"SÃO JOSÉ DO NORTE"
4607,"SÃO JOSÉ DO OURO"
4608,"SÃO JOSÉ DO PEIXE"
4609,"SÃO JOSÉ DO PIAUÍ"
4610,"SÃO JOSÉ DO POVO"
4611,"SÃO JOSÉ DO RIO CLARO"
4612,"SÃO JOSÉ DO RIO PARDO"
4613,"SÃO JOSÉ DO RIO PRETO"
4614,"SÃO JOSÉ DO SABUGI"
4615,"SÃO JOSÉ DO SERIDÓ"
4616,"SÃO JOSÉ DO SUL"
4617,"SÃO JOSÉ DO VALE DO RIO PRETO"
4618,"SÃO JOSÉ DO XINGU"
4619,"SÃO JOSÉ DOS AUSENTES"
4620,"SÃO JOSÉ DOS BASÍLIOS"
4621,"SÃO JOSÉ DOS CAMPOS"
4622,"SÃO JOSÉ DOS CORDEIROS"
4623,"SÃO JOSÉ DOS PINHAIS"
4624,"SÃO JOSÉ DOS QUATRO MARCOS"
4625,"SÃO JOSÉ DOS RAMOS"
4626,"SÃO JOÃO"
4627,"SÃO JOÃO BATISTA"
4628,"SÃO JOÃO BATISTA DO GLÓRIA"
4629,"SÃO JOÃO D'ALIANÇA"
4630,"SÃO JOÃO DA BALIZA"
4631,"SÃO JOÃO DA BARRA"
4632,"SÃO JOÃO DA BOA VISTA"
4633,"SÃO JOÃO DA CANABRAVA"
4634,"SÃO JOÃO DA FRONTEIRA"
4635,"SÃO JOÃO DA LAGOA"
4636,"SÃO JOÃO DA MATA"
4637,"SÃO JOÃO DA PARAÚNA"
4638,"SÃO JOÃO DA PONTA"
4639,"SÃO JOÃO DA PONTE"
4640,"SÃO JOÃO DA SERRA"
4641,"SÃO JOÃO DA URTIGA"
4642,"SÃO JOÃO DA VARJOTA"
4643,"SÃO JOÃO DAS DUAS PONTES"
4644,"SÃO JOÃO DAS MISSÕES"
4645,"SÃO JOÃO DE IRACEMA"
4646,"SÃO JOÃO DE PIRABAS"
4647,"SÃO JOÃO DEL REI"
4648,"SÃO JOÃO DO ARAGUAIA"
4649,"SÃO JOÃO DO ARRAIAL"
4650,"SÃO JOÃO DO CAIUÁ"
4651,"SÃO JOÃO DO CARIRI"
4652,"SÃO JOÃO DO CARÚ"
4653,"SÃO JOÃO DO ITAPERIÚ"
4654,"SÃO JOÃO DO IVAÍ"
4655,"SÃO JOÃO DO JAGUARIBE"
4656,"SÃO JOÃO DO MANHUAÇU"
4657,"SÃO JOÃO DO MANTENINHA"
4658,"SÃO JOÃO DO OESTE"
4659,"SÃO JOÃO DO ORIENTE"
4660,"SÃO JOÃO DO PACUÍ"
4661,"SÃO JOÃO DO PARAÍSO"
4662,"SÃO JOÃO DO PAU D'ALHO"
4663,"SÃO JOÃO DO PIAUÍ"
4664,"SÃO JOÃO DO POLÊSINE"
4665,"SÃO JOÃO DO RIO DO PEIXE"
4666,"SÃO JOÃO DO SABUGI"
4667,"SÃO JOÃO DO SOTER"
4668,"SÃO JOÃO DO SUL"
4669,"SÃO JOÃO DO TIGRE"
4670,"SÃO JOÃO DO TRIUNFO"
4671,"SÃO JOÃO DOS PATOS"
4672,"SÃO JOÃO EVANGELISTA"
4673,"SÃO JOÃO NEPOMUCENO"
4674,"SÃO JULIÃO"
4675,"SÃO LEOPOLDO"
4676,"SÃO LOURENÇO"
4677,"SÃO LOURENÇO DA MATA"
4678,"SÃO LOURENÇO DA SERRA"
4679,"SÃO LOURENÇO DO OESTE"
4680,"SÃO LOURENÇO DO PIAUÍ"
4681,"SÃO LOURENÇO DO SUL"
4682,"SÃO LUDGERO"
4683,"SÃO LUIS DO PIAUÍ"
4684,"SÃO LUIZ"
4685,"SÃO LUIZ DO NORTE"
4686,"SÃO LUIZ DO PARAITINGA"
4687,"SÃO LUIZ GONZAGA"
4688,"SÃO LUÍS"
4689,"SÃO LUÍS DE MONTES BELOS"
4690,"SÃO LUÍS DO CURU"
4691,"SÃO LUÍS DO QUITUNDE"
4692,"SÃO LUÍS GONZAGA DO MARANHÃO"
4693,"SÃO MAMEDE"
4694,"SÃO MANOEL DO PARANÁ"
4695,"SÃO MANUEL"
4696,"SÃO MARCOS"
4697,"SÃO MARTINHO"
4698,"SÃO MARTINHO DA SERRA"
4699,"SÃO MATEUS"
4700,"SÃO MATEUS DO MARANHÃO"
4701,"SÃO MATEUS DO SUL"
4702,"SÃO MIGUEL"
4703,"SÃO MIGUEL ARCANJO"
4704,"SÃO MIGUEL DA BAIXA GRANDE"
4705,"SÃO MIGUEL DA BOA VISTA"
4706,"SÃO MIGUEL DAS MATAS"
4707,"SÃO MIGUEL DAS MISSÕES"
4708,"SÃO MIGUEL DE TAIPU"
4709,"SÃO MIGUEL DO ALEIXO"
4710,"SÃO MIGUEL DO ANTA"
4711,"SÃO MIGUEL DO ARAGUAIA"
4712,"SÃO MIGUEL DO FIDALGO"
4713,"SÃO MIGUEL DO GOSTOSO"
4714,"SÃO MIGUEL DO GUAMÁ"
4715,"SÃO MIGUEL DO GUAPORÉ"
4716,"SÃO MIGUEL DO IGUAÇU"
4717,"SÃO MIGUEL DO OESTE"
4718,"SÃO MIGUEL DO PASSA QUATRO"
4719,"SÃO MIGUEL DO TAPUIO"
4720,"SÃO MIGUEL DO TOCANTINS"
4721,"SÃO MIGUEL DOS CAMPOS"
4722,"SÃO MIGUEL DOS MILAGRES"
4723,"SÃO NICOLAU"
4724,"SÃO PATRÍCIO"
4725,"SÃO PAULO"
4726,"SÃO PAULO DAS MISSÕES"
4727,"SÃO PAULO DE OLIVENÇA"
4728,"SÃO PEDRO"
4729,"SÃO PEDRO DA ALDEIA"
4730,"SÃO PEDRO DA CIPA"
4731,"SÃO PEDRO DA SERRA"
4732,"SÃO PEDRO DA UNIÃO"
4733,"SÃO PEDRO DA ÁGUA BRANCA"
4734,"SÃO PEDRO DAS MISSÕES"
4735,"SÃO PEDRO DE ALCÂNTARA"
4736,"SÃO PEDRO DO BUTIÁ"
4737,"SÃO PEDRO DO IGUAÇU"
4738,"SÃO PEDRO DO IVAÍ"
4739,"SÃO PEDRO DO PARANÁ"
4740,"SÃO PEDRO DO PIAUÍ"
4741,"SÃO PEDRO DO SUAÇUÍ"
4742,"SÃO PEDRO DO SUL"
4743,"SÃO PEDRO DO TURVO"
4744,"SÃO PEDRO DOS CRENTES"
4745,"SÃO PEDRO DOS FERROS"
4746,"SÃO RAFAEL"
4747,"SÃO RAIMUNDO DAS MANGABEIRAS"
4748,"SÃO RAIMUNDO DO DOCA BEZERRA"
4749,"SÃO RAIMUNDO NONATO"
4750,"SÃO ROBERTO"
4751,"SÃO ROMÃO"
4752,"SÃO ROQUE"
4753,"SÃO ROQUE DE MINAS"
4754,"SÃO ROQUE DO CANAÃ"
4755,"SÃO SALVADOR DO TOCANTINS"
4756,"SÃO SEBASTIÃO"
4757,"SÃO SEBASTIÃO DA AMOREIRA"
4758,"SÃO SEBASTIÃO DA BELA VISTA"
4759,"SÃO SEBASTIÃO DA BOA VISTA"
4760,"SÃO SEBASTIÃO DA GRAMA"
4761,"SÃO SEBASTIÃO DA VARGEM ALEGRE"
4762,"SÃO SEBASTIÃO DE LAGOA DE ROÇA"
4763,"SÃO SEBASTIÃO DO ALTO"
4764,"SÃO SEBASTIÃO DO ANTA"
4765,"SÃO SEBASTIÃO DO CAÍ"
4766,"SÃO SEBASTIÃO DO MARANHÃO"
4767,"SÃO SEBASTIÃO DO OESTE"
4768,"SÃO SEBASTIÃO DO PARAÍSO"
4769,"SÃO SEBASTIÃO DO PASSÉ"
4770,"SÃO SEBASTIÃO DO RIO PRETO"
4771,"SÃO SEBASTIÃO DO RIO VERDE"
4772,"SÃO SEBASTIÃO DO TOCANTINS"
4773,"SÃO SEBASTIÃO DO UATUMÃ"
4774,"SÃO SEBASTIÃO DO UMBUZEIRO"
4775,"SÃO SEPÉ"
4776,"SÃO SIMÃO"
4777,"SÃO THOMÉ DAS LETRAS"
4778,"SÃO TIAGO"
4779,"SÃO TOMÁS DE AQUINO"
4780,"SÃO TOMÉ"
4781,"SÃO VALENTIM"
4782,"SÃO VALENTIM DO SUL"
4783,"SÃO VALÉRIO"
4784,"SÃO VALÉRIO DO SUL"
4785,"SÃO VENDELINO"
4786,"SÃO VICENTE"
4787,"SÃO VICENTE DE MINAS"
4788,"SÃO VICENTE DO SUL"
4789,"SÃO VICENTE FERRER"
4790,"SÃO VICENTE FÉRRER"
4791,"SÉRIO"
4792,"SÍTIO D'ABADIA"
4793,"SÍTIO DO MATO"
4794,"SÍTIO DO QUINTO"
4795,"SÍTIO NOVO"
4796,"SÍTIO NOVO DO TOCANTINS"
4797,"TABAPORÃ"
4798,"TABAPUÃ"
4799,TABATINGA
4800,"TABAÍ"
4801,TABIRA
4802,"TABOCAS DO BREJO VELHO"
4803,"TABOLEIRO GRANDE"
4804,"TABOÃO DA SERRA"
4805,TABULEIRO
4806,"TABULEIRO DO NORTE"
4807,"TACAIMBÓ"
4808,TACARATU
4809,TACIBA
4810,TACIMA
4811,TACURU
4812,TAGUATINGA
4813,"TAGUAÍ"
4814,"TAIAÇU"
4815,"TAILÂNDIA"
4816,TAIOBEIRAS
4817,"TAIPAS DO TOCANTINS"
4818,TAIPU
4819,"TAIÓ"
4820,"TAIÚVA"
4821,"TALISMÃ"
4822,"TAMANDARÉ"
4823,TAMARANA
4824,"TAMBAÚ"
4825,TAMBOARA
4826,TAMBORIL
4827,"TAMBORIL DO PIAUÍ"
4828,TANABI
4829,"TANGARÁ"
4830,"TANGARÁ DA SERRA"
4831,"TANGUÁ"
4832,"TANHAÇU"
4833,"TANQUE D'ARCA"
4834,"TANQUE DO PIAUÍ"
4835,"TANQUE NOVO"
4836,TANQUINHO
4837,TAPARUBA
4838,"TAPAUÁ"
4839,TAPEJARA
4840,TAPERA
4841,"TAPEROÁ"
4842,TAPES
4843,TAPIRA
4844,"TAPIRAMUTÁ"
4845,TAPIRATIBA
4846,"TAPIRAÍ"
4847,TAPURAH
4848,TAQUARA
4849,TAQUARAL
4850,"TAQUARAL DE GOIÁS"
4851,TAQUARANA
4852,"TAQUARAÇU DE MINAS"
4853,TAQUARI
4854,TAQUARITINGA
4855,"TAQUARITINGA DO NORTE"
4856,TAQUARITUBA
4857,"TAQUARIVAÍ"
4858,TAQUARUSSU
4859,"TAQUARUÇU DO SUL"
4860,TARABAI
4861,"TARAUACÁ"
4862,TARRAFAS
4863,TARTARUGALZINHO
4864,TARUMIRIM
4865,"TARUMÃ"
4866,"TASSO FRAGOSO"
4867,"TATUÍ"
4868,"TAUBATÉ"
4869,"TAUÁ"
4870,TAVARES
4871,"TEFÉ"
4872,TEIXEIRA
4873,"TEIXEIRA DE FREITAS"
4874,"TEIXEIRA SOARES"
4875,TEIXEIRAS
4876,"TEIXEIRÓPOLIS"
4877,"TEJUPÁ"
4878,"TEJUÇUOCA"
4879,TELHA
4880,"TELÊMACO BORBA"
4881,"TENENTE ANANIAS"
4882,"TENENTE LAURENTINO CRUZ"
4883,"TENENTE PORTELA"
4884,"TEODORO SAMPAIO"
4885,"TEOFILÂNDIA"
4886,"TEOLÂNDIA"
4887,"TEOTÔNIO VILELA"
4888,TERENOS
4889,TERESINA
4890,"TERESINA DE GOIÁS"
4891,"TERESÓPOLIS"
4892,TEREZINHA
4893,"TEREZÓPOLIS DE GOIÁS"
4894,"TERRA ALTA"
4895,"TERRA BOA"
4896,"TERRA DE AREIA"
4897,"TERRA NOVA"
4898,"TERRA NOVA DO NORTE"
4899,"TERRA RICA"
4900,"TERRA ROXA"
4901,"TERRA SANTA"
4902,TESOURO
4903,"TEUTÔNIA"
4904,"TEÓFILO OTONI"
4905,THEOBROMA
4906,"TIANGUÁ"
4907,TIBAGI
4908,TIBAU
4909,"TIBAU DO SUL"
4910,"TIETÊ"
4911,TIGRINHOS
4912,TIJUCAS
4913,"TIJUCAS DO SUL"
4914,"TIMBAÚBA"
4915,"TIMBAÚBA DOS BATISTAS"
4916,TIMBIRAS
4917,TIMBURI
4918,"TIMBÉ DO SUL"
4919,"TIMBÓ GRANDE"
4920,TIMON
4921,"TIMÓTEO"
4922,"TIO HUGO"
4923,TIRADENTES
4924,"TIRADENTES DO SUL"
4925,TIROS
4926,"TOBIAS BARRETO"
4927,TOCANTINS
4928,"TOCANTINÓPOLIS"
4929,"TOCANTÍNIA"
4930,"TOCOS DO MOJI"
4931,TOLEDO
4932,"TOMAR DO GERU"
4933,TOMAZINA
4934,TOMBOS
4935,"TOMÉ-AÇU"
4936,TONANTINS
4937,TORITAMA
4938,"TORIXORÉU"
4939,TOROPI
4940,"TORRE DE PEDRA"
4941,TORRES
4942,TORRINHA
4943,TOUROS
4944,TRABIJU
4945,TRACUATEUA
4946,"TRACUNHAÉM"
4947,TRAIPU
4948,TRAIRI
4949,"TRAIRÃO"
4950,"TRAJANO DE MORAES"
4951,"TRAMANDAÍ"
4952,TRAVESSEIRO
4953,TREMEDAL
4954,"TREMEMBÉ"
4955,TREVISO
4956,"TREZE DE MAIO"
4957,"TREZE TÍLIAS"
4958,TRINDADE
4959,"TRINDADE DO SUL"
4960,TRIUNFO
4961,"TRIUNFO POTIGUAR"
4962,"TRIZIDELA DO VALE"
4963,TROMBAS
4964,"TROMBUDO CENTRAL"
4965,"TRÊS ARROIOS"
4966,"TRÊS BARRAS"
4967,"TRÊS BARRAS DO PARANÁ"
4968,"TRÊS CACHOEIRAS"
4969,"TRÊS CORAÇÕES"
4970,"TRÊS COROAS"
4971,"TRÊS DE MAIO"
4972,"TRÊS FORQUILHAS"
4973,"TRÊS FRONTEIRAS"
4974,"TRÊS LAGOAS"
4975,"TRÊS MARIAS"
4976,"TRÊS PALMEIRAS"
4977,"TRÊS PASSOS"
4978,"TRÊS PONTAS"
4979,"TRÊS RANCHOS"
4980,"TRÊS RIOS"
4981,"TUBARÃO"
4982,TUCANO
4983,"TUCUMÃ"
4984,TUCUNDUVA
4985,"TUCURUÍ"
4986,"TUFILÂNDIA"
4987,TUIUTI
4988,TUMIRITINGA
4989,TUNAS
4990,"TUNAS DO PARANÁ"
4991,"TUNEIRAS DO OESTE"
4992,TUNTUM
4993,"TUNÁPOLIS"
4994,TUPACIGUARA
4995,TUPANATINGA
4996,"TUPANCI DO SUL"
4997,"TUPANCIRETÃ"
4998,TUPANDI
4999,TUPARENDI
5000,TUPARETAMA
5001,"TUPI PAULISTA"
5002,TUPIRAMA
5003,TUPIRATINS
5004,"TUPÃ"
5005,"TUPÃSSI"
5006,"TURIAÇU"
5007,"TURILÂNDIA"
5008,"TURIÚBA"
5009,TURMALINA
5010,TURURU
5011,"TURUÇU"
5012,"TURVELÂNDIA"
5013,TURVO
5014,"TURVOLÂNDIA"
5015,"TURVÂNIA"
5016,"TUTÓIA"
5017,UARINI
5018,"UAUÁ"
5019,UBAITABA
5020,UBAJARA
5021,UBAPORANGA
5022,UBARANA
5023,UBATUBA
5024,"UBATÃ"
5025,"UBAÍ"
5026,"UBAÍRA"
5027,UBERABA
5028,"UBERLÂNDIA"
5029,UBIRAJARA
5030,"UBIRATÃ"
5031,UBIRETAMA
5032,"UBÁ"
5033,UCHOA
5034,"UIBAÍ"
5035,"UIRAMUTÃ"
5036,UIRAPURU
5037,"UIRAÚNA"
5038,"ULIANÓPOLIS"
5039,UMARI
5040,UMARIZAL
5041,"UMBAÚBA"
5042,UMBURANAS
5043,UMBURATIBA
5044,UMBUZEIRO
5045,UMIRIM
5046,UMUARAMA
5047,UNA
5048,"UNAÍ"
5049,UNIFLOR
5050,UNISTALDA
5051,"UNIÃO"
5052,"UNIÃO DA SERRA"
5053,"UNIÃO DA VITÓRIA"
5054,"UNIÃO DE MINAS"
5055,"UNIÃO DO OESTE"
5056,"UNIÃO DO SUL"
5057,"UNIÃO DOS PALMARES"
5058,"UNIÃO PAULISTA"
5059,UPANEMA
5060,URANDI
5061,"URAÍ"
5062,"URBANO SANTOS"
5063,URU
5064,URUANA
5065,"URUANA DE MINAS"
5066,"URUARÁ"
5067,"URUAÇU"
5068,URUBICI
5069,URUBURETAMA
5070,"URUCARÁ"
5071,URUCUIA
5072,URUCURITUBA
5073,"URUCÂNIA"
5074,URUGUAIANA
5075,URUOCA
5076,URUPEMA
5077,"URUPÁ"
5078,"URUPÊS"
5079,URUSSANGA
5080,"URUTAÍ"
5081,"URUÇUCA"
5082,"URUÇUÍ"
5083,"URÂNIA"
5084,UTINGA
5085,VACARIA
5086,"VALE DE SÃO DOMINGOS"
5087,"VALE DO ANARI"
5088,"VALE DO PARAÍSO"
5089,"VALE DO SOL"
5090,"VALE REAL"
5091,"VALE VERDE"
5092,VALENTE
5093,"VALENTIM GENTIL"
5094,"VALENÇA"
5095,"VALENÇA DO PIAUÍ"
5096,VALINHOS
5097,"VALPARAÍSO"
5098,"VALPARAÍSO DE GOIÁS"
5099,VANINI
5100,VARGEM
5101,"VARGEM ALEGRE"
5102,"VARGEM ALTA"
5103,"VARGEM BONITA"
5104,"VARGEM GRANDE"
5105,"VARGEM GRANDE DO RIO PARDO"
5106,"VARGEM GRANDE DO SUL"
5107,"VARGEM GRANDE PAULISTA"
5108,"VARGEÃO"
5109,VARGINHA
5110,VARJOTA
5111,"VARJÃO"
5112,"VARJÃO DE MINAS"
5113,VARRE-SAI
5114,VARZEDO
5115,"VARZELÂNDIA"
5116,VASSOURAS
5117,VAZANTE
5118,"VENDA NOVA DO IMIGRANTE"
5119,VENHA-VER
5120,VENTANIA
5121,VENTUROSA
5122,"VENÂNCIO AIRES"
5123,VERA
5124,"VERA CRUZ"
5125,"VERA CRUZ DO OESTE"
5126,"VERA MENDES"
5127,"VERANÓPOLIS"
5128,VERDEJANTE
5129,"VERDELÂNDIA"
5130,VEREDA
5131,VEREDINHA
5132,"VERMELHO NOVO"
5133,"VERTENTE DO LÉRIO"
5134,VERTENTES
5135,"VERÊ"
5136,"VERÍSSIMO"
5137,VESPASIANO
5138,"VESPASIANO CORRÊA"
5139,VIADUTOS
5140,"VIAMÃO"
5141,VIANA
5142,"VIANÓPOLIS"
5143,"VICENTE DUTRA"
5144,VICENTINA
5145,"VICENTINÓPOLIS"
5146,"VICTOR GRAEFF"
5147,"VICÊNCIA"
5148,"VIDAL RAMOS"
5149,VIDEIRA
5150,VIEIRAS
5151,"VIEIRÓPOLIS"
5152,VIGIA
5153,"VILA BELA DA SANTÍSSIMA TRINDADE"
5154,"VILA BOA"
5155,"VILA FLOR"
5156,"VILA FLORES"
5157,"VILA LÂNGARO"
5158,"VILA MARIA"
5159,"VILA NOVA DO PIAUÍ"
5160,"VILA NOVA DO SUL"
5161,"VILA NOVA DOS MARTÍRIOS"
5162,"VILA PAVÃO"
5163,"VILA PROPÍCIO"
5164,"VILA RICA"
5165,"VILA VALÉRIO"
5166,"VILA VELHA"
5167,VILHENA
5168,VINHEDO
5169,VIRADOURO
5170,"VIRGEM DA LAPA"
5171,"VIRGINÓPOLIS"
5172,"VIRGOLÂNDIA"
5173,"VIRGÍNIA"
5174,VIRMOND
5175,"VISCONDE DO RIO BRANCO"
5176,VISEU
5177,"VISTA ALEGRE"
5178,"VISTA ALEGRE DO ALTO"
5179,"VISTA ALEGRE DO PRATA"
5180,"VISTA GAÚCHA"
5181,"VISTA SERRANA"
5182,"VITOR MEIRELES"
5183,VITORINO
5184,"VITORINO FREIRE"
5185,"VITÓRIA"
5186,"VITÓRIA BRASIL"
5187,"VITÓRIA DA CONQUISTA"
5188,"VITÓRIA DAS MISSÕES"
5189,"VITÓRIA DE SANTO ANTÃO"
5190,"VITÓRIA DO JARI"
5191,"VITÓRIA DO MEARIM"
5192,"VITÓRIA DO XINGU"
5193,"VIÇOSA"
5194,"VIÇOSA DO CEARÁ"
5195,"VOLTA GRANDE"
5196,"VOLTA REDONDA"
5197,VOTORANTIM
5198,VOTUPORANGA
5199,"VÁRZEA"
5200,"VÁRZEA ALEGRE"
5201,"VÁRZEA BRANCA"
5202,"VÁRZEA DA PALMA"
5203,"VÁRZEA DA ROÇA"
5204,"VÁRZEA DO POÇO"
5205,"VÁRZEA GRANDE"
5206,"VÁRZEA NOVA"
5207,"VÁRZEA PAULISTA"
5208,WAGNER
5209,"WALL FERRAZ"
5210,WANDERLEY
5211,"WANDERLÂNDIA"
5212,"WENCESLAU BRAZ"
5213,"WENCESLAU GUIMARÃES"
5214,"WESTFÁLIA"
5215,WITMARSUM
5216,"XAMBIOÁ"
5217,"XAMBRÊ"
5218,"XANGRI-LÁ"
5219,"XANXERÊ"
5220,XAPURI
5221,XAVANTINA
5222,XAXIM
5223,"XEXÉU"
5224,XINGUARA
5225,XIQUE-XIQUE
5226,"ZABELÊ"
5227,ZACARIAS
5228,"ZORTÉA"
5229,"ZÉ DOCA"
5230,"ÁGUA AZUL DO NORTE"
5231,"ÁGUA BOA"
5232,"ÁGUA BRANCA"
5233,"ÁGUA CLARA"
5234,"ÁGUA COMPRIDA"
5235,"ÁGUA DOCE"
5236,"ÁGUA DOCE DO MARANHÃO"
5237,"ÁGUA DOCE DO NORTE"
5238,"ÁGUA FRIA"
5239,"ÁGUA FRIA DE GOIÁS"
5240,"ÁGUA LIMPA"
5241,"ÁGUA NOVA"
5242,"ÁGUA PRETA"
5243,"ÁGUA SANTA"
5244,"ÁGUAS BELAS"
5245,"ÁGUAS DA PRATA"
5246,"ÁGUAS DE CHAPECÓ"
5247,"ÁGUAS DE LINDÓIA"
5248,"ÁGUAS DE SANTA BÁRBARA"
5249,"ÁGUAS FORMOSAS"
5250,"ÁGUAS FRIAS"
5251,"ÁGUAS LINDAS DE GOIÁS"
5252,"ÁGUAS MORNAS"
5253,"ÁGUAS VERMELHAS"
5254,"ÁGUIA BRANCA"
5255,"ÁLVARES FLORENCE"
5256,"ÁLVARES MACHADO"
5257,"ÁLVARO DE CARVALHO"
5258,"ÁUREA"
5259,"ÂNGULO"
5260,"ÉRICO CARDOSO"
5261,"ÓBIDOS"
5262,"ÓLEO"
